rank,username,user_slug,country_code,country_name,score,finish_time,data_region,contest_id,problem_4003_date,problem_4003_fail_count,problem_4003_lang,problem_4003_submission_id,problem_4035_date,problem_4035_fail_count,problem_4035_lang,problem_4035_submission_id,problem_4052_date,problem_4052_fail_count,problem_4052_lang,problem_4052_submission_id,problem_4059_date,problem_4059_fail_count,problem_4059_lang,problem_4059_submission_id
0,Daddy,meThe_youngLord,,,18,1760193472,US,1214,1760193408,0,java,1798329244,1760193332,0,java,1798325527,1760193221,0,java,1798319987,1760193472,0,java,1798332347
1,Hanifa Septhi,hanifasepthi,ID,Indonesia,18,1760193608,US,1214,1760193226,0,cpp,1798320259,1760193608,0,cpp,1798338806,1760193111,0,cpp,1798315469,1760193352,0,cpp,1798326537
2,tf_vasu,tf_vasu,,,18,1760193635,US,1214,1760193464,0,cpp,1798331956,1760193635,0,cpp,1798340072,1760193229,0,cpp,1798320398,1760193343,0,cpp,1798326081
3,Ujimatsu_Chiya,ujimatsu_chiya,,百慕大,18,1760193719,CN,1258,1760193180,0,python3,669726645,1760193719,0,python3,669729794,1760193087,0,python3,669726056,1760193325,0,python3,669727557
4,noobatdevelopment,noobatdevelopment,,,18,1760193807,US,1214,1760193368,0,cpp,1798327345,1760193807,0,cpp,1798347561,1760193093,0,cpp,1798315086,1760193554,0,cpp,1798336286
5,jojo,pk8pPojgum,,,18,1760193845,US,1214,1760193331,0,cpp,1798325515,1760193564,0,cpp,1798336736,1760193448,0,cpp,1798331184,1760193845,0,cpp,1798349230
6,manoj0606,manoj0606,IN,India,18,1760193848,US,1214,1760193398,0,cpp,1798328771,1760193848,0,cpp,1798349349,1760193187,0,cpp,1798318357,1760193554,0,cpp,1798336292
7,GodSownTheist215,GodSownTheist215,,,18,1760193874,US,1214,1760193874,0,ruby,1798350418,1760193520,0,ruby,1798334656,1760193178,0,ruby,1798317939,1760193676,0,ruby,1798341902
8,Cranky 6agarinizJ,cranky-6agarinizj,,,18,1760193895,CN,1258,1760193879,0,python3,669730673,1760193845,0,python3,669730483,1760193895,0,python3,669730741,1760193861,0,python3,669730572
9,w285714,w285714,,中国,18,1760193914,CN,1258,1760193134,0,cpp,669726340,1760193914,0,cpp,669730848,1760193065,0,cpp,669725936,1760193326,0,cpp,669727565
10,流放之魂,hopeful-gaussgrf,,,18,1760193943,CN,1258,1760193241,0,python3,669727029,1760193943,0,python3,669730984,1760193109,0,python3,669726182,1760193472,0,python3,669728428
11,Zarrah,PgMUsnys2m,,,18,1760193982,US,1214,1760193722,0,java,1798343949,1760193982,0,java,1798355040,1760193514,0,java,1798334399,1760193367,0,java,1798327271
12,Relaxed Visvesvaraya,cjycleaner,,,18,1760193995,CN,1258,1760193328,0,cpp,669727581,1760193995,0,cpp,669731243,1760193320,0,cpp,669727524,1760193339,0,cpp,669727640
13,The Raumanian,raumanian,VN,Vietnam,18,1760194007,US,1214,1760193337,0,python3,1798325793,1760194007,0,python3,1798356044,1760193100,0,python3,1798315218,1760193559,0,python3,1798336497
14,Elysian Realm,elysia-4,,,18,1760194028,CN,1258,1760193895,0,python3,669730743,1760193564,0,python3,669728914,1760194028,0,python3,669731431,1760193778,0,python3,669730120
15,zfb是我儿,upbeat-dewdneysxp,,中国,18,1760194038,CN,1258,1760194009,0,cpp,669731331,1760194038,0,cpp,669731482,1760193998,0,cpp,669731260,1760194022,0,cpp,669731394
16,Kshitij,Horizon_369,IN,India,18,1760194049,US,1214,1760193212,0,python3,1798319599,1760194049,0,python3,1798357791,1760193094,0,python3,1798315112,1760193422,0,python3,1798329932
17,Aoxiang Cui,cuiaoxiang,CN,China,18,1760194100,US,1214,1760193201,0,cpp,1798319001,1760193800,1,cpp,1798347252,1760193111,0,cpp,1798315482,1760193359,0,cpp,1798326914
18,Vindeshwari Prasad,siminno77,,,18,1760194133,US,1214,1760193423,0,python3,1798329966,1760194133,0,python3,1798361100,1760193199,0,python3,1798318926,1760193714,0,python3,1798343622
19,Lily_mills,Lily_mills,CN,China,18,1760194139,US,1214,1760193294,0,cpp,1798323608,1760193839,1,golang,1798348980,1760193271,0,cpp,1798322485,1760193678,0,golang,1798341970
20,BankaiBaka,bankaibaka,,,18,1760194145,US,1214,1760193321,0,java,1798324988,1760193845,1,java,1798349214,1760193200,0,java,1798318961,1760193515,0,java,1798334438
21,daemon_T,daemon_T,,,18,1760194146,US,1214,1760193442,0,cpp,1798330853,1760194146,0,cpp,1798361617,1760193285,0,cpp,1798323183,1760193687,0,cpp,1798342366
22,TsReaper,tsreaper,,,18,1760194148,CN,1258,1760193186,0,cpp,669726687,1760193848,1,cpp,669730507,1760193078,0,cpp,669726002,1760193480,0,cpp,669728477
23,hank55663,hank55663,TW,Taiwan,18,1760194177,US,1214,1760193196,0,cpp,1798318753,1760193577,1,cpp,1798337317,1760193119,0,cpp,1798315664,1760193352,1,cpp,1798326522
24,Manu Bharadwaj,the_bharadwaj,IN,India,18,1760194188,US,1214,1760193260,0,python3,1798321897,1760193888,1,java,1798351062,1760193155,0,python3,1798316917,1760193442,0,java,1798330870
25,Bhawna_Pannu,bhawnapannu2706,IN,India,18,1760194189,US,1214,1760193378,0,java,1798327831,1760194189,0,java,1798363375,1760193227,0,java,1798320305,1760193770,0,java,1798345950
26,MohitSai1,MohitSai1,,,18,1760194213,US,1214,1760193966,0,python3,1798354374,1760194213,0,python3,1798364323,1760193911,0,python3,1798352021,1760194042,0,python3,1798357496
27,kmjp,kmjp,,,18,1760194233,US,1214,1760193172,0,cpp,1798317691,1760193633,1,cpp,1798339989,1760193075,0,cpp,1798314778,1760193353,1,cpp,1798326602
28,Md Umar Faraz,kl2400080094,,,18,1760194249,US,1214,1760193371,0,cpp,1798327526,1760193649,2,cpp,1798340688,1760193114,0,cpp,1798315550,1760193356,0,cpp,1798326742
29,weiqizheng,wei-qi-zheng,,中国,18,1760194255,CN,1258,1760193293,0,rust,669727347,1760194255,0,rust,669732607,1760193136,0,rust,669726362,1760193494,0,rust,669728552
30,ghj123h,ghj123h,,,18,1760194284,CN,1258,1760193902,0,csharp,669730792,1760193605,1,csharp,669729163,1760193984,0,csharp,669731183,1760193817,0,csharp,669730342
31,jk1,y2587w,,,18,1760194293,US,1214,1760193443,0,python3,1798330923,1760194293,0,python3,1798367389,1760193342,0,python3,1798326034,1760193688,0,python3,1798342416
32,engineer,satisho_jod,,,18,1760194306,US,1214,1760193488,0,cpp,1798333136,1760194306,0,cpp,1798367912,1760193300,0,cpp,1798323942,1760193866,0,cpp,1798350093
33,Naveen Saini,naveensaini-ddun,IN,India,18,1760194308,US,1214,1760193410,0,python3,1798329345,1760194308,0,python3,1798368009,1760193238,0,python3,1798320889,1760193583,0,python3,1798337601
34,Gopher,gopher0727,,中国,18,1760194316,CN,1258,1760193425,0,python3,669728168,1760194316,0,python3,669732887,1760193102,0,python3,669726139,1760193650,0,python3,669729395
35,varsha,shreyashri52,IN,India,18,1760194324,US,1214,1760193580,0,java,1798337495,1760194324,0,java,1798368648,1760193260,0,java,1798321890,1760193877,0,java,1798350575
36,Abhinit_Contest_011,Abhinit_Contest_011,,,18,1760194335,US,1214,1760193378,0,cpp,1798327809,1760194035,1,cpp,1798357200,1760193156,0,cpp,1798316955,1760193487,0,cpp,1798333079
37,Changqi,Drscq,US,United States,18,1760194337,US,1214,1760193723,0,cpp,1798343999,1760194037,1,python3,1798357308,1760193693,0,cpp,1798342637,1760193762,0,cpp,1798345582
38,草莓奶昔🍓,981377660lmt,,南极洲,18,1760194343,CN,1258,1760193447,0,python3,669728280,1760194043,1,python3,669731503,1760193208,0,python3,669726832,1760193671,0,python3,669729514
39,Aditya Gupt,aditya1064,IN,India,18,1760194344,US,1214,1760193295,0,cpp,1798323643,1760194344,0,cpp,1798369404,1760193155,0,cpp,1798316905,1760193739,0,cpp,1798344676
40,Nguyen Quang Long,mbfibat,VN,Vietnam,18,1760194347,US,1214,1760193229,0,cpp,1798320376,1760194047,1,cpp,1798357728,1760193082,0,cpp,1798314900,1760193532,0,cpp,1798335287
41,Jingzhe Tang,skywalkert,CN,China,18,1760194354,US,1214,1760193336,0,cpp,1798325750,1760194054,0,cpp,1798357958,1760193102,1,cpp,1798315261,1760193517,0,cpp,1798334539
42,CoCheater,cocheater,,,18,1760194359,CN,1258,1760194349,0,cpp,669733045,1760194337,0,cpp,669732998,1760194359,0,cpp,669733098,1760194341,0,cpp,669733016
43,Medapati Manasa,medapati_manasa,IN,India,18,1760194360,US,1214,1760194060,0,cpp,1798358234,1760193952,0,cpp,1798353781,1760193738,1,cpp,1798344621,1760193634,0,cpp,1798340002
44,Nitin,savio0000000000,IN,India,18,1760194361,US,1214,1760193562,0,python3,1798336629,1760194361,0,python3,1798370077,1760193301,0,python3,1798323962,1760193777,0,python3,1798346254
45,Divyansha Jain,user7934Bx,,,18,1760194362,US,1214,1760193506,0,python3,1798333991,1760194362,0,python3,1798370117,1760193324,0,python3,1798325162,1760193778,0,python3,1798346302
46,anirbansen17,anirbansen17,,,18,1760194374,US,1214,1760193422,0,cpp,1798329935,1760194374,0,cpp,1798370529,1760193573,0,cpp,1798337148,1760193738,0,cpp,1798344659
47,blaze007,VGoyal24,IN,India,18,1760194377,US,1214,1760193520,1,python3,1798334660,1760193777,1,python3,1798346238,1760193364,0,python3,1798327135,1760193617,0,python3,1798339218
48,coderHub71,coderHub71,,,18,1760194390,US,1214,1760193329,0,cpp,1798325366,1760194390,0,cpp,1798371199,1760193133,0,cpp,1798316100,1760193460,0,cpp,1798331754
49,physics0523,physics0523,JP,Japan,18,1760194392,US,1214,1760193234,0,cpp,1798320627,1760194092,1,cpp,1798359511,1760193104,0,cpp,1798315305,1760193568,0,cpp,1798336943
50,82年的muggle,lddlinan,,中国,18,1760194396,CN,1258,1760193358,1,python3,669727771,1760194096,0,python3,669731791,1760193107,0,python3,669726170,1760193580,0,python3,669729019
51,Naveen Khuntey,kal425,,,18,1760194403,US,1214,1760193559,0,cpp,1798336501,1760194403,0,cpp,1798371690,1760193266,0,cpp,1798322226,1760193958,0,cpp,1798354050
52,Arindam Sarma,SLXFNf1M2M,,,18,1760194406,US,1214,1760193421,0,cpp,1798329888,1760194106,1,cpp,1798360052,1760193167,0,cpp,1798317430,1760193795,0,cpp,1798347045
53,aneesh11,aneesh11,IN,India,18,1760194437,US,1214,1760193218,0,java,1798319874,1760194137,1,java,1798361283,1760193138,0,java,1798316273,1760193496,0,java,1798333513
54,brizz,goshan2004,,,18,1760194441,US,1214,1760193349,0,cpp,1798326387,1760194141,0,cpp,1798361421,1760193145,1,cpp,1798316530,1760193604,0,cpp,1798338612
55,张晴川,qingczha,,中国,18,1760194444,CN,1258,1760193188,0,cpp,669726703,1760194144,1,cpp,669732035,1760193169,0,cpp,669726571,1760193727,0,cpp,669729836
56,priyanshiii_rai,priyanshiii_rai,,,18,1760194446,US,1214,1760193800,0,cpp,1798347261,1760194175,0,python3,1798362805,1760193558,0,cpp,1798336457,1760194446,0,cpp,1798373314
57,unstbl,unstbl,,,18,1760194453,US,1214,1760193303,0,python3,1798324075,1760193853,1,python3,1798349548,1760193166,1,python3,1798317391,1760193578,0,python3,1798337406
58,Samyak Dhyani,sam_990,,,18,1760194461,US,1214,1760193235,0,cpp,1798320698,1760194161,1,cpp,1798362243,1760193087,0,cpp,1798314967,1760193471,0,cpp,1798332269
59,harshal_02,harshal_02,IN,India,18,1760194484,US,1214,1760194471,0,cpp,1798374233,1760194439,0,cpp,1798373044,1760194484,0,cpp,1798374745,1760194457,0,cpp,1798373738
60,darrenhp,darrenhp,,中国,18,1760194495,CN,1258,1760193167,0,cpp,669726561,1760194195,1,cpp,669732302,1760193061,0,cpp,669725917,1760193446,0,cpp,669728268
61,AgneyK,AgneyK,,,18,1760194500,US,1214,1760193239,0,cpp,1798320928,1760194200,1,cpp,1798363787,1760193102,0,cpp,1798315268,1760193496,0,cpp,1798333498
62,Kude,Kude,JP,Japan,18,1760194505,US,1214,1760193246,0,cpp,1798321224,1760194205,1,cpp,1798363970,1760193120,0,cpp,1798315686,1760193446,0,cpp,1798331016
63,Ankit Rajpoot,arajAnkit,IN,India,18,1760194509,US,1214,1760193652,0,cpp,1798340799,1760194220,0,cpp,1798364564,1760193439,0,cpp,1798330738,1760194509,0,cpp,1798375691
64,Parag Goyal,parag776,IN,India,18,1760194516,US,1214,1760193411,0,cpp,1798329385,1760194516,0,cpp,1798375959,1760193238,0,cpp,1798320856,1760193767,0,cpp,1798345804
65,LinkZelda,linkzelda-s,,,18,1760194527,CN,1258,1760193192,0,cpp,669726728,1760194227,1,cpp,669732476,1760193074,0,cpp,669725983,1760193459,0,cpp,669728353
66,HaKu,HaKu,CN,China,18,1760194530,US,1214,1760193392,0,kotlin,1798328469,1760194530,0,kotlin,1798376456,1760193177,0,kotlin,1798317879,1760193702,0,kotlin,1798343030
67,ReZero,rezero123,,,18,1760194538,CN,1258,1760193480,0,java,669728478,1760194538,0,java,669733993,1760193095,0,java,669726102,1760193745,0,java,669729935
68,shogun,tamyte,ZW,Zimbabwe,18,1760194541,US,1214,1760193233,0,cpp,1798320624,1760194241,0,cpp,1798365387,1760193134,1,cpp,1798316134,1760193540,0,cpp,1798335650
69,blackpanther__7,blackpanther__7,,,18,1760194541,US,1214,1760194204,0,cpp,1798363936,1760194541,0,cpp,1798376826,1760194120,0,cpp,1798360612,1760194428,0,cpp,1798372623
70,Romank Sadhwani,sadhwaniromank,IN,India,18,1760194574,US,1214,1760193459,0,cpp,1798331705,1760194574,0,cpp,1798378018,1760193265,0,cpp,1798322166,1760193868,0,cpp,1798350176
71,naruto_789,naruto_789,IN,India,18,1760194593,US,1214,1760194257,0,cpp,1798366009,1760194593,0,cpp,1798378717,1760194210,0,cpp,1798364181,1760194361,0,cpp,1798370047
72,AnkurPansara,user0129g,IN,India,18,1760194596,US,1214,1760193535,0,python3,1798335405,1760194596,0,python3,1798378842,1760193271,0,python3,1798322461,1760194324,0,python3,1798368623
73,孙慢慢,sun-man-man,,中国,18,1760194605,CN,1258,1760193387,0,python3,669727953,1760194005,2,python3,669731306,1760193182,0,python3,669726658,1760193542,0,python3,669728798
74,Balakrishnan Varadarajan,balakrishnan_v,US,United States,18,1760194624,US,1214,1760194218,0,cpp,1798364497,1760193780,1,cpp,1798346379,1760194324,0,cpp,1798368641,1760194103,0,cpp,1798359956
75,Andy Lin,lnsuyn,,,18,1760194626,US,1214,1760193278,0,cpp,1798322804,1760194326,1,cpp,1798368692,1760193133,0,cpp,1798316084,1760193630,0,cpp,1798339818
76,Prashant Shukla,prashant933,IN,India,18,1760194637,US,1214,1760193293,0,cpp,1798323545,1760194337,1,cpp,1798369158,1760193095,0,cpp,1798315130,1760193613,0,cpp,1798339026
77,zlpiscoming,zlpiscoming,,中国,18,1760194648,CN,1258,1760193290,0,cpp,669727319,1760194348,0,cpp,669733042,1760193134,1,cpp,669726344,1760193589,0,cpp,669729063
78,ANSHIKA,anshika_ya_04,IN,India,18,1760194653,US,1214,1760193562,0,cpp,1798336666,1760194653,0,cpp,1798380935,1760193412,0,cpp,1798329414,1760193839,0,cpp,1798348994
79,牧瀬 紅莉栖,lucifer1006,,美国,18,1760194659,CN,1258,1760193191,0,python3,669726721,1760194359,1,python3,669733103,1760193079,0,python3,669726006,1760193403,0,python3,669728059
80,Aravind kumar k,Aravind_k04,IN,India,18,1760194662,US,1214,1760193887,0,python,1798351004,1760194362,1,python,1798370105,1760193791,0,python,1798346848,1760194017,0,python,1798356479
81,Duda_0615,Duda_0615,,,18,1760194667,US,1214,1760193282,0,cpp,1798323021,1760194367,1,cpp,1798370260,1760193172,0,cpp,1798317667,1760193692,0,cpp,1798342594
82,guts,gutsberserker_718,IN,India,18,1760194667,US,1214,1760193282,0,cpp,1798323042,1760194067,1,cpp,1798358529,1760193155,0,cpp,1798316932,1760193529,1,cpp,1798335114
83,Ajinkya Parab,ajinkya1p3,IN,India,18,1760194676,US,1214,1760193307,0,cpp,1798324277,1760194376,1,cpp,1798370627,1760193088,0,cpp,1798314996,1760193504,0,cpp,1798333892
84,Aditya Mondal,MainFrameKuznetSov,IN,India,18,1760194692,US,1214,1760193293,0,cpp,1798323569,1760194392,0,cpp,1798371314,1760193130,0,cpp,1798315996,1760193734,1,cpp,1798344449
85,Milesian,milesian-c,,中国,18,1760194700,CN,1258,1760193297,0,cpp,669727371,1760194400,1,cpp,669733304,1760193089,0,cpp,669726065,1760193514,0,cpp,669728662
86,Anirudh Chauhan,ash98ketchum_,IN,India,18,1760194705,US,1214,1760193448,0,cpp,1798331179,1760194705,0,cpp,1798382775,1760193263,0,cpp,1798322045,1760193849,0,cpp,1798349390
87,Ayush,Ayush_Yadav_07,IN,India,18,1760194715,US,1214,1760193187,0,python3,1798318316,1760194715,0,python3,1798383123,1760193096,0,python3,1798315147,1760193488,0,python3,1798333141
88,ming1ing,ming1ning,,,18,1760194731,CN,1258,1760194306,0,java,669732838,1760194431,0,java,669733459,1760193444,1,java,669728262,1760193862,0,java,669730578
89,Neaden,Neaden,,,18,1760194732,US,1214,1760193299,0,python3,1798323866,1760194732,0,python3,1798383786,1760193272,0,python3,1798322513,1760193982,0,python3,1798355055
90,Ian,iancn,,中国,18,1760194735,CN,1258,1760194715,0,python3,669734878,1760194735,0,python3,669734982,1760194708,0,python3,669734842,1760194725,0,python3,669734929
91,bhavya,bhvyeah,IN,India,18,1760194741,US,1214,1760194452,0,cpp,1798373526,1760194603,0,cpp,1798379128,1760193241,0,cpp,1798321024,1760194741,0,cpp,1798384106
92,dishwasher,07dishwasherbob8,US,United States,18,1760194746,US,1214,1760194024,0,cpp,1798356760,1760193548,1,cpp,1798336009,1760194146,1,cpp,1798361600,1760193904,0,cpp,1798351742
93,Utkarsh022,Utkarsh022,,,18,1760194752,US,1214,1760193191,0,cpp,1798318542,1760194452,1,cpp,1798373547,1760193097,0,cpp,1798315158,1760193629,0,cpp,1798339790
94,FangYifan,alter-vb,,中国,18,1760194752,CN,1258,1760193222,0,cpp,669726923,1760194452,1,cpp,669733559,1760193104,0,cpp,669726149,1760193737,0,cpp,669729884
95,喜乐,zhangshize,,中国,18,1760194776,CN,1258,1760193242,0,python3,669727032,1760194476,0,python3,669733664,1760193103,0,python3,669726146,1760193546,1,python3,669728818
96,Xiaomeng Yang,yangxm,,,18,1760194782,US,1214,1760193375,0,cpp,1798327683,1760194482,0,cpp,1798374652,1760193221,1,cpp,1798319980,1760193839,0,cpp,1798348973
97,Saul_Goodman,zmy_code,,中国,18,1760194782,CN,1258,1760194482,1,cpp,669733690,1760194160,0,cpp,669732136,1760193181,0,cpp,669726649,1760193650,0,cpp,669729396
98,moali0007,moali0007,,,18,1760194793,US,1214,1760193736,0,cpp,1798344524,1760194793,0,cpp,1798385859,1760193427,0,cpp,1798330183,1760194184,0,cpp,1798363118
99,leetgoat_dot_dev,leetgoat_dot_dev,US,United States,18,1760194844,US,1214,1760193179,0,python3,1798317969,1760194244,2,python3,1798365552,1760193084,0,python3,1798314925,1760193478,0,python3,1798332605
100,Hoptful Vspact,kmnasdpppsdm1236,,中国,18,1760194881,CN,1258,1760193298,0,python3,669727386,1760194281,2,python3,669732721,1760193287,0,python3,669727299,1760193313,0,python3,669727469
101,JeremyZhang96,jeremyzhang96,,中国,18,1760194881,CN,1258,1760193339,0,python3,669727645,1760194881,0,python3,669735663,1760193148,0,python3,669726432,1760193495,0,python3,669728561
102,Dhruv Pasricha,pasricha_dhruv,IN,India,18,1760194888,US,1214,1760193342,0,cpp,1798326032,1760194288,1,cpp,1798367182,1760193204,1,cpp,1798319148,1760193575,0,cpp,1798337257
103,Bruce Wayne,I_am_Batman007,IN,India,18,1760194888,US,1214,1760193876,0,cpp,1798350522,1760194888,0,cpp,1798389236,1760193492,0,cpp,1798333309,1760194624,0,cpp,1798379878
104,一点都不好玩,ram-9,,中国,18,1760194894,CN,1258,1760193192,0,python3,669726732,1760194594,0,cpp,669734282,1760193228,1,python3,669726950,1760193658,0,cpp,669729437
105,Nalime,Nalime,,,18,1760194898,US,1214,1760193229,0,cpp,1798320375,1760194898,0,cpp,1798389578,1760193103,0,cpp,1798315276,1760194305,0,cpp,1798367900
106,fpeterfalvi,fpeterfalvi,,,18,1760194898,US,1214,1760193342,0,java,1798326072,1760194598,1,java,1798378891,1760193144,0,java,1798316486,1760193723,0,java,1798343987
107,truongcongthanh2000,truongcongthanh2000,VN,Vietnam,18,1760194908,US,1214,1760193241,1,cpp,1798321007,1760194308,1,cpp,1798368010,1760193104,0,cpp,1798315291,1760193517,0,cpp,1798334546
108,Chirag Gajbhiye,chiragunity1300,,,18,1760194915,US,1214,1760193756,0,cpp,1798345343,1760194915,0,cpp,1798390196,1760193405,0,cpp,1798329086,1760193959,0,cpp,1798354070
109,JavaWalaBadmas,BadmasMitr,IN,India,18,1760194916,US,1214,1760193194,0,java,1798318683,1760194916,0,java,1798390224,1760193354,0,java,1798326666,1760193736,0,java,1798344561
110,Naveen Mydur,Naveen_Mydur,IN,India,18,1760194918,US,1214,1760193730,0,java,1798344296,1760194618,1,java,1798379618,1760193526,0,java,1798334966,1760194154,0,java,1798361951
111,harrdiktiwari,harrdiktiwari,IN,India,18,1760194921,US,1214,1760193682,1,java,1798342162,1760194321,1,java,1798368510,1760193321,0,java,1798324973,1760193847,0,java,1798349292
112,Chanchhunneng Chrea,chreachanchhunneng,US,United States,18,1760194921,US,1214,1760193970,0,python3,1798354514,1760194921,0,python3,1798390405,1760194515,0,python3,1798375938,1760193848,0,python3,1798349338
113,Anurag Singh,jaiGurudevCode,IN,India,18,1760194922,US,1214,1760193385,0,python3,1798328153,1760194922,0,python3,1798390460,1760193149,0,python3,1798316690,1760193809,0,python3,1798347673
114,止戈,zhi-ge-z,,,18,1760194922,CN,1258,1760193346,0,python3,669727685,1760194922,0,python3,669735868,1760193217,0,python3,669726898,1760193934,0,python3,669730943
115,Kareem Elgoker,Kareem_Elgoker,EG,Egypt,18,1760194928,US,1214,1760193328,0,cpp,1798325325,1760194444,1,cpp,1798373228,1760193099,0,cpp,1798315202,1760194628,0,cpp,1798380052
116,SOLO,Solo_codee,,,18,1760194932,US,1214,1760193284,0,cpp,1798323117,1760194632,0,cpp,1798380203,1760193174,1,cpp,1798317735,1760193620,0,cpp,1798339389
117,Mikasa Ackermann,BambooTree,IN,India,18,1760194935,US,1214,1760193343,0,cpp,1798326084,1760194635,1,cpp,1798380303,1760193166,0,cpp,1798317418,1760193742,0,cpp,1798344770
118,红与黑,hong-yu-hei-5,,,18,1760194935,CN,1258,1760193344,0,cpp,669727675,1760194635,0,cpp,669734483,1760193152,1,cpp,669726469,1760193594,0,cpp,669729092
119,im_kesh_077,im_kesh_077,,,18,1760194936,US,1214,1760193452,0,cpp,1798331349,1760194936,0,cpp,1798390950,1760193246,0,cpp,1798321243,1760193853,0,cpp,1798349532
120,wesion,i3lissful-cori5lm,,,18,1760194937,CN,1258,1760194561,0,cpp,669734103,1760194153,1,cpp,669732091,1760194637,0,cpp,669734494,1760194441,0,cpp,669733506
121,Rineeth D,rineeth_d,IN,India,18,1760194938,US,1214,1760193266,0,python3,1798322190,1760194038,3,python3,1798357334,1760193125,0,python3,1798315838,1760193607,0,python3,1798338760
122,PabloTeclado,PabloTeclado,FR,France,18,1760194951,US,1214,1760193513,0,python3,1798334348,1760194951,0,python3,1798391450,1760193136,0,python3,1798316195,1760193931,0,python3,1798352855
123,Ravilisetty Makarandh,Mak_05,IN,India,18,1760194959,US,1214,1760193294,0,cpp,1798323578,1760194959,0,cpp,1798391743,1760193144,0,cpp,1798316461,1760193568,0,cpp,1798336952
124,Harsha Patil,GosTly_BOY,IN,India,18,1760194960,US,1214,1760193740,0,python3,1798344698,1760194960,0,python3,1798391777,1760193388,0,python3,1798328298,1760194182,0,python3,1798363052
125,Daksh Jain,Dash10107,IN,India,18,1760194966,US,1214,1760193334,0,python3,1798325650,1760194966,0,python3,1798392000,1760193211,0,python3,1798319507,1760193716,0,python3,1798343669
126,Aditya32002,Aditya32002,IN,India,18,1760194967,US,1214,1760194430,0,java,1798372692,1760194667,1,java,1798381438,1760193789,0,java,1798346756,1760194500,0,java,1798375380
127,醉里挑灯看剑,mikeac,,中国,18,1760194968,CN,1258,1760193633,0,python3,669729295,1760194968,0,python3,669736078,1760193443,0,python3,669728258,1760193974,0,python3,669731140
128,Atharva Yadav,hunter_exe,IN,India,18,1760194969,US,1214,1760193914,0,cpp,1798352158,1760194669,1,cpp,1798381500,1760193697,0,cpp,1798342852,1760194267,0,cpp,1798366381
129,Mohan Aditya Dondapati LwCA2K,Mohan_Aditya,,,18,1760194978,US,1214,1760193547,0,java,1798335977,1760194978,0,java,1798392379,1760193276,0,java,1798322721,1760194200,0,java,1798363781
130,krism,krism,,,18,1760194983,CN,1258,1760193388,0,python3,669727961,1760194683,1,python3,669734721,1760193068,0,python3,669725944,1760193612,0,python3,669729202
131,saipreetham246,saipreetham246,,,18,1760194986,US,1214,1760193813,0,python3,1798347827,1760194986,0,python3,1798392649,1760193289,0,python3,1798323357,1760194135,0,python3,1798361186
132,FreeYourMind,freeyourmind,,,18,1760194988,US,1214,1760194463,0,python3,1798373980,1760194688,1,python3,1798382172,1760194475,0,python3,1798374397,1760194450,0,python3,1798373455
133,h_z_q,quiz2ical-nash7ll,,,18,1760194996,CN,1258,1760193207,0,cpp,669726817,1760194696,1,cpp,669734786,1760193081,0,cpp,669726025,1760193606,0,cpp,669729174
134,raigeki,raigeki053,,,18,1760195007,US,1214,1760193288,0,cpp,1798323337,1760194707,1,cpp,1798382850,1760193117,0,cpp,1798315620,1760193544,0,cpp,1798335846
135,Pablo,pvrego,BR,Brazil,18,1760195007,US,1214,1760193999,0,cpp,1798355727,1760194407,2,cpp,1798371836,1760193929,0,cpp,1798352768,1760194103,0,cpp,1798359955
136,Pranjali Srivastava,Pranjali22,IN,India,18,1760195008,US,1214,1760195008,0,cpp,1798393380,1760194318,0,cpp,1798368425,1760194522,0,cpp,1798376163,1760194718,0,cpp,1798383225
137,maomao,maomao27,,,18,1760195008,US,1214,1760193373,0,cpp,1798327622,1760194408,1,cpp,1798371876,1760193183,0,cpp,1798318178,1760193829,1,cpp,1798348576
138,shubhamgavkare,shubhamgavkare,IN,India,18,1760195032,US,1214,1760193480,0,cpp,1798332731,1760195032,0,cpp,1798394208,1760193321,0,cpp,1798324967,1760193909,0,cpp,1798351935
139,Ryan Zhang,TheRZ123,,,18,1760195040,US,1214,1760193301,1,cpp,1798323993,1760194740,0,cpp,1798384071,1760193089,0,cpp,1798315011,1760193564,0,cpp,1798336780
140,Sandeep Kumar,sandeep_1132,IN,India,18,1760195044,US,1214,1760193530,0,cpp,1798335163,1760194744,0,cpp,1798384208,1760193317,1,cpp,1798324761,1760194302,0,cpp,1798367777
141,Ayush Jayaswal,porceylain,,,18,1760195047,US,1214,1760193387,0,cpp,1798328266,1760194337,0,cpp,1798369139,1760193161,0,cpp,1798317155,1760194747,1,cpp,1798384319
142,sarthakmittalDSA,btrxCsOq7a,IN,India,18,1760195051,US,1214,1760193474,0,cpp,1798332426,1760195051,0,cpp,1798394862,1760193180,0,cpp,1798318028,1760194121,0,cpp,1798360627
143,可爱的小萝莉,serene-torvalds38a,,,18,1760195056,CN,1258,1760193230,0,cpp,669726968,1760193941,1,cpp,669730971,1760193097,1,cpp,669726110,1760194156,1,cpp,669732107
144,Mansi dixit,mansi090,IN,India,18,1760195058,US,1214,1760193730,0,cpp,1798344303,1760194758,1,cpp,1798384715,1760193500,0,cpp,1798333714,1760194253,0,cpp,1798365864
145,Pankaj Ruwali,Pankajruwali,IN,India,18,1760195080,US,1214,1760193507,0,java,1798334034,1760195080,0,java,1798395883,1760193289,0,java,1798323355,1760193949,0,java,1798353655
146,Charan P,nany940461,,,18,1760195092,US,1214,1760193889,0,python3,1798351074,1760195092,0,python3,1798396302,1760193302,0,python3,1798324037,1760194351,0,python3,1798369665
147,sadtoday,sadtoday,,,18,1760195103,US,1214,1760193346,0,cpp,1798326247,1760194803,1,cpp,1798386176,1760193150,0,cpp,1798316722,1760194113,0,cpp,1798360330
148,rahulsamant37,rahul_samant_37,,,18,1760195103,US,1214,1760193575,0,python3,1798337245,1760195103,0,python3,1798396651,1760193353,0,python3,1798326609,1760194179,0,python3,1798362961
149,hhuuuu,hhuuuu,,,18,1760195108,CN,1258,1760193267,0,python3,669727187,1760194508,1,cpp,669733829,1760193399,0,python3,669728032,1760193796,1,cpp,669730224
150,copecc,mystifying-hawkingj0j,,中国,18,1760195111,CN,1258,1760193601,0,cpp,669729146,1760194811,1,cpp,669735333,1760193153,0,cpp,669726476,1760194147,0,cpp,669732059
151,Euphoriatzb,clever-volhardfhm,,中国,18,1760195114,CN,1258,1760193406,0,python3,669728075,1760195114,0,cpp,669736714,1760193108,0,python3,669726177,1760193826,0,cpp,669730383
152,qqwrv,qqwrv,,,18,1760195116,US,1214,1760193546,1,cpp,1798335905,1760194216,1,cpp,1798364436,1760193403,1,cpp,1798328997,1760193755,0,cpp,1798345282
153,Ayanerru,Ayanerru,TW,Taiwan,18,1760195129,US,1214,1760193413,0,python3,1798329493,1760195129,0,python3,1798397507,1760193166,0,python3,1798317386,1760193955,0,python3,1798353888
154,细菌小子,xi-jun-xiao-zi,,中国,18,1760195136,CN,1258,1760193360,0,python3,669727780,1760195136,0,python3,669736803,1760193206,0,python3,669726814,1760193804,0,python3,669730264
155,sumit Singh,krsumitsingh2004,,,18,1760195138,US,1214,1760193447,0,java,1798331096,1760195138,0,java,1798397787,1760193157,0,java,1798316993,1760193978,0,java,1798354897
156,Bhupendra Gehlot,bhupendragehlot88,IN,India,18,1760195144,US,1214,1760193556,0,cpp,1798336363,1760195144,0,cpp,1798397993,1760193390,0,cpp,1798328376,1760194010,0,cpp,1798356190
157,Agitated AlbattaniL1g,agitated-albattanil1g,,,18,1760195154,CN,1258,1760193280,0,cpp,669727259,1760194554,1,cpp,669734074,1760193125,1,cpp,669726274,1760193821,0,cpp,669730366
158,adityagm,adityagm,,,18,1760195161,US,1214,1760193578,0,cpp,1798337432,1760195161,0,cpp,1798398538,1760193353,0,cpp,1798326570,1760194017,0,cpp,1798356457
159,Shamik Chodankar,Shamik_Thinktek,IN,India,18,1760195165,US,1214,1760194888,0,dart,1798389246,1760195165,0,dart,1798398687,1760194692,0,dart,1798382293,1760195071,0,dart,1798395567
160,Saksham,saksham_on_a_conquest_29,IN,India,18,1760195175,US,1214,1760193591,0,cpp,1798337987,1760195175,0,cpp,1798399007,1760193143,0,cpp,1798316434,1760193925,0,cpp,1798352605
161,NAVYA GOEL,navyagoel11,IN,India,18,1760195186,US,1214,1760193599,0,python3,1798338372,1760194886,1,python3,1798389146,1760193354,0,python3,1798326634,1760194063,0,python3,1798358363
162,honest_falcon,vaishnav_nair,,,18,1760195192,US,1214,1760193469,0,cpp,1798332176,1760194292,3,cpp,1798367367,1760193139,0,cpp,1798316288,1760193731,0,cpp,1798344322
163,Art_fu,Art_fu,IR,Iran,18,1760195193,US,1214,1760193566,0,cpp,1798336875,1760193993,4,cpp,1798355478,1760193430,0,cpp,1798330330,1760193628,0,cpp,1798339768
164,zhs12345,zhs12345,,中国,18,1760195193,CN,1258,1760195169,0,cpp,669736956,1760195193,0,cpp,669737077,1760195157,0,cpp,669736896,1760195182,0,cpp,669737017
165,newhar,newhar,,,18,1760195194,CN,1258,1760193393,0,cpp,669727991,1760194594,1,cpp,669734283,1760193221,1,cpp,669726915,1760193773,0,cpp,669730090
166,KanaK B Pandey,KanaK_B_Pandey2904,IN,India,18,1760195200,US,1214,1760193607,0,java,1798338735,1760194900,1,java,1798389660,1760193202,0,java,1798319049,1760194019,0,java,1798356560
167,Shreyansh,shreyansh28801,IN,India,18,1760195200,US,1214,1760193513,0,cpp,1798334357,1760195200,0,cpp,1798399805,1760193190,0,cpp,1798318480,1760193850,0,cpp,1798349425
168,Debangshu Mukherjee,Debangshu_M,IN,India,18,1760195200,US,1214,1760193572,0,cpp,1798337095,1760194900,1,cpp,1798389684,1760193185,0,cpp,1798318259,1760194065,0,cpp,1798358442
169,gunjun_1,gunjun_1,IN,India,18,1760195207,US,1214,1760193452,0,python3,1798331352,1760194907,1,python3,1798389881,1760193239,0,python3,1798320922,1760193821,0,python3,1798348214
170,YYDS-996,996-YYDS,US,United States,18,1760195207,US,1214,1760193456,0,python3,1798331567,1760195207,0,python3,1798400032,1760193250,0,python3,1798321451,1760193729,0,python3,1798344274
171,Ahmed_Ashraf,boAshraf,EG,Egypt,18,1760195212,US,1214,1760193256,0,cpp,1798321722,1760194612,2,cpp,1798379425,1760193081,0,cpp,1798314882,1760194096,0,cpp,1798359681
172,气宇轩昂的帽子,qi-yu-xuan-ang-de-mao-zi,,,18,1760195219,CN,1258,1760193790,0,java,669730189,1760194919,1,java,669735847,1760193230,0,java,669726969,1760194039,0,java,669731486
173,Amit Reddy,amitreddy14,IN,India,18,1760195220,US,1214,1760194162,0,cpp,1798362290,1760195220,0,cpp,1798400486,1760193877,0,cpp,1798350588,1760194717,0,cpp,1798383203
174,LeetCoach,LeetCoach,,,18,1760195225,US,1214,1760193732,0,python3,1798344368,1760194625,1,python3,1798379943,1760193783,1,python3,1798346517,1760193722,0,python3,1798343932
175,tonyli00000,tonyli00000,,,18,1760195227,US,1214,1760193179,0,cpp,1798317984,1760194627,2,cpp,1798379991,1760193063,0,cpp,1798314611,1760193388,0,cpp,1798328309
176,Ashish Singh,ashish1729,IN,India,18,1760195227,US,1214,1760193300,0,cpp,1798323938,1760194927,0,cpp,1798390642,1760193175,0,cpp,1798317792,1760193935,1,cpp,1798353037
177,SHIVANSHU,shivanshu97,IN,India,18,1760195228,US,1214,1760193378,0,cpp,1798327837,1760194628,2,cpp,1798380037,1760193208,0,cpp,1798319377,1760193563,0,cpp,1798336706
178,ElenaM000,ElenaM000,US,United States,18,1760195241,US,1214,1760193975,1,python,1798354758,1760194941,0,python,1798391099,1760193489,0,python,1798333156,1760194461,0,python,1798373895
179,Ante_,Ante_,HR,Croatia,18,1760195245,US,1214,1760194012,1,python3,1798356278,1760194945,0,python3,1798391256,1760193835,0,python3,1798348818,1760194193,0,python3,1798363497
180,Deepan1907,Deepan1907,IN,India,18,1760195247,US,1214,1760195037,0,cpp,1798394372,1760194380,0,cpp,1798370793,1760195247,0,cpp,1798401402,1760194747,0,cpp,1798384312
181,wormchaos,wormchaos,,中国,18,1760195252,CN,1258,1760193313,0,python3,669727466,1760195252,0,python3,669737312,1760193139,0,python3,669726377,1760193809,0,python3,669730296
182,saketh_coder,saketh_coder,,,18,1760195258,US,1214,1760193257,0,cpp,1798321792,1760194958,1,cpp,1798391678,1760193155,0,cpp,1798316935,1760193463,0,cpp,1798331896
183,Kshitij Singh,offx_kshitij,IN,India,18,1760195262,US,1214,1760193793,0,python3,1798346975,1760194962,1,python3,1798391855,1760193386,0,python3,1798328221,1760194069,0,python3,1798358598
184,RIddhi Dhawan,Riddz_11,IN,India,18,1760195265,US,1214,1760193800,0,cpp,1798347270,1760194965,1,cpp,1798391949,1760193314,0,cpp,1798324639,1760194386,0,cpp,1798371061
185,void---,void---,,,18,1760195268,US,1214,1760194442,0,cpp,1798373143,1760194887,0,cpp,1798389198,1760194277,1,cpp,1798366763,1760194968,0,cpp,1798392047
186,q8skkOOXdx,q8skkOOXdx,,,18,1760195269,US,1214,1760193244,0,cpp,1798321165,1760194969,1,cpp,1798392088,1760193300,0,cpp,1798323943,1760193541,0,cpp,1798335682
187,Siddham Anand,siddhamanandcoc,,,18,1760195278,US,1214,1760193486,0,cpp,1798333020,1760194978,0,cpp,1798392377,1760193162,0,cpp,1798317189,1760194343,1,cpp,1798369365
188,Angry YonathDKL,angry-yonathdkl,,,18,1760195282,CN,1258,1760193368,0,java,669727834,1760194682,1,java,669734716,1760193181,1,java,669726650,1760193714,0,java,669729768
189,Harshit Singhal,Harshitbro498,IN,India,18,1760195293,US,1214,1760193624,0,cpp,1798339561,1760194993,0,cpp,1798392861,1760193354,1,cpp,1798326648,1760193962,0,cpp,1798354191
190,Haridass,haridass_10,IN,India,18,1760195293,US,1214,1760193730,0,python3,1798344317,1760195293,0,python3,1798402913,1760193302,0,python3,1798324033,1760194208,0,python3,1798364119
191,Vikash-Thakur-XX,vikash_Sisodia,,,18,1760195296,US,1214,1760193316,0,java,1798324742,1760194096,4,java,1798359657,1760193202,0,java,1798319048,1760193899,0,java,1798351501
192,Raul8900,Raul8900,,,18,1760195300,US,1214,1760194157,0,cpp,1798362092,1760195300,0,cpp,1798403162,1760193919,0,cpp,1798352358,1760195114,0,cpp,1798396994
193,LightCodeBaby,LightCodeBaby,,,18,1760195300,US,1214,1760194123,0,cpp,1798360683,1760195300,0,cpp,1798403196,1760193608,0,cpp,1798338794,1760194623,0,cpp,1798379832
194,aeo58xj,qui22ical-chatterjeepcw,,,18,1760195302,CN,1258,1760193266,0,python3,669727175,1760195002,1,python3,669736223,1760193120,0,python3,669726241,1760193556,0,python3,669728874
195,Max E Verstappen,TheMadMax,MC,Monaco,18,1760195303,US,1214,1760194713,0,cpp,1798383043,1760193656,0,cpp,1798340974,1760195003,1,cpp,1798393218,1760194417,0,cpp,1798372214
196,TimoxGagarin,TimoxGagarin,BY,Belarus,18,1760195305,US,1214,1760193351,0,python3,1798326502,1760194705,0,python3,1798382761,1760193162,0,python3,1798317225,1760193896,2,python3,1798351396
197,udayf_09,udayf_09,,,18,1760195308,US,1214,1760193432,0,cpp,1798330390,1760195008,1,cpp,1798393386,1760193165,0,cpp,1798317361,1760194084,0,cpp,1798359203
198,Kothapalli Santosh ,santosh-k22,IN,India,18,1760195313,US,1214,1760193528,0,cpp,1798335083,1760195313,0,cpp,1798403572,1760193210,0,cpp,1798319467,1760194154,0,cpp,1798361984
199,jyy_fan,kotoba47,,,18,1760195315,CN,1258,1760193483,0,cpp,669728493,1760195015,1,cpp,669736293,1760193257,0,cpp,669727129,1760193899,0,cpp,669730770
200,WongStar,7MHvr8obCN,,,18,1760195327,US,1214,1760193862,0,python3,1798349940,1760195027,0,python3,1798394060,1760193187,0,python3,1798318318,1760194151,1,python3,1798361845
201,Umair Ali,Umair_Ali_55,IN,India,18,1760195330,US,1214,1760193632,0,java,1798339937,1760194730,0,java,1798383689,1760193474,2,java,1798332439,1760193942,0,java,1798353335
202,Saksham Gupta,saksham_3105,IN,India,18,1760195330,US,1214,1760193600,0,cpp,1798338422,1760194430,1,cpp,1798372708,1760193365,2,cpp,1798327189,1760193957,0,cpp,1798353978
203,Shashwat Singh,LowGodTier,IN,India,18,1760195331,US,1214,1760193936,0,cpp,1798353078,1760195331,0,cpp,1798404104,1760193646,0,cpp,1798340576,1760194400,0,cpp,1798371576
204,Try2GotReward,Try2GotReward,,,18,1760195331,US,1214,1760193358,0,python3,1798326840,1760195031,1,python3,1798394189,1760193169,0,python3,1798317533,1760193546,0,python3,1798335908
205,时雨,shiyu_dev,,中国,18,1760195333,CN,1258,1760194074,0,python3,669731675,1760195333,0,python3,669737713,1760193424,0,python3,669728162,1760194325,0,python3,669732926
206,涂汇康,tonghuikang,,新加坡,18,1760195334,CN,1258,1760193246,0,python3,669727062,1760194734,2,python3,669734979,1760193115,0,python3,669726219,1760193647,0,python3,669729375
207,Achintya Chauhan,Achintya_1583,IN,India,18,1760195347,US,1214,1760193523,0,cpp,1798334833,1760194747,2,cpp,1798384344,1760193243,0,cpp,1798321089,1760193813,0,cpp,1798347859
208,汪星银,wangxingyin,,,18,1760195350,CN,1258,1760193428,0,golang,669728178,1760195350,0,golang,669737792,1760193173,0,golang,669726596,1760194496,0,golang,669733757
209,trisha_tomy,trisha_tomy,,,18,1760195355,US,1214,1760193518,0,java,1798334582,1760195055,0,java,1798395013,1760193199,0,java,1798318919,1760194216,1,java,1798364444
210,Varun,Varun1205,IN,India,18,1760195356,US,1214,1760193591,0,cpp,1798338025,1760195056,1,cpp,1798395058,1760193282,0,cpp,1798323038,1760193921,0,cpp,1798352429
211,kamal0,kamal0,,,18,1760195358,US,1214,1760193333,0,cpp,1798325591,1760195058,1,cpp,1798395125,1760193159,0,cpp,1798317069,1760193857,0,cpp,1798349705
212,Shubham Kumar Barnwal,shubham_developer02,IN,India,18,1760195375,US,1214,1760193472,0,python3,1798332332,1760194775,1,python3,1798385286,1760193310,1,python3,1798324460,1760193865,0,python3,1798350032
213,Dayeon,Dayeon,US,United States,18,1760195379,US,1214,1760193493,0,python3,1798333367,1760195079,0,python3,1798395829,1760193202,0,python3,1798319029,1760194081,1,python3,1798359072
214,wenboz,wenboz,CA,Canada,18,1760195383,US,1214,1760193408,0,java,1798329253,1760195383,0,java,1798405787,1760193313,0,java,1798324608,1760193690,0,java,1798342531
215,Pham Trung Dung,jerrypham512,VN,Vietnam,18,1760195386,US,1214,1760193285,0,cpp,1798323176,1760195086,1,cpp,1798396100,1760193153,0,cpp,1798316850,1760193698,0,cpp,1798342891
216,怪白BAI,guai-bai-bai,,中国,18,1760195386,CN,1258,1760194926,0,python3,669735885,1760195086,1,python3,669736597,1760194898,0,python3,669735752,1760194965,0,python3,669736058
217,Nanthakumaran S,nanthakumaran-s,IN,India,18,1760195388,US,1214,1760193635,0,python3,1798340099,1760195088,1,python3,1798396142,1760193501,0,python3,1798333775,1760193952,0,python3,1798353756
218,Siddhesh Dhatrak,cyclotron24,IN,India,18,1760195395,US,1214,1760193577,0,cpp,1798337364,1760195395,0,cpp,1798406204,1760193234,0,cpp,1798320671,1760194237,0,cpp,1798365228
219,Anirudh Temmanaboyina,Aniem,IN,India,18,1760195399,US,1214,1760193488,0,cpp,1798333118,1760195399,0,cpp,1798406346,1760193330,0,cpp,1798325462,1760193999,0,cpp,1798355720
220,汤圆，圆不圆,tang-yuan-yuan-bu-yuan,,,18,1760195400,CN,1258,1760193243,0,cpp,669727040,1760194112,2,cpp,669731879,1760193112,0,cpp,669726194,1760194800,0,cpp,669735281
221,norikame,norikame,JP,Japan,18,1760195402,US,1214,1760193454,0,cpp,1798331465,1760195102,1,cpp,1798396620,1760193250,0,cpp,1798321441,1760193855,0,cpp,1798349631
222,Ayush Awasthi,otakuayush,IN,India,18,1760195428,US,1214,1760193351,0,python,1798326505,1760195128,1,python,1798397472,1760193178,0,python,1798317925,1760193821,0,python,1798348224
223,winter_training,winter_training,,中国,18,1760195435,CN,1258,1760194267,0,cpp,669732654,1760195435,0,cpp,669738124,1760194274,0,cpp,669732686,1760194253,0,cpp,669732597
224,Kunj Desai,Kunj_2803,IN,India,18,1760195441,US,1214,1760193938,0,python3,1798353166,1760195141,1,python3,1798397870,1760193481,0,python3,1798332759,1760194295,0,python3,1798367477
