rank,username,user_slug,country_code,country_name,score,finish_time,data_region,contest_id,problem_4045_date,problem_4045_fail_count,problem_4045_lang,problem_4045_submission_id,problem_4080_date,problem_4080_fail_count,problem_4080_lang,problem_4080_submission_id
3200,Hari Akkash,HariAkkash_20,,,7,1760841349,US,1222,1760841349,0,cpp,1805459400,1760841153,0,cpp,1805452646
3201,Abhishek Karatagi,user0105UQ,,,7,1760841350,US,1222,1760841350,0,cpp,1805459417,1760841147,0,cpp,1805452413
3202,Mijael Tola,mijatolaxd,BO,Bolivia,7,1760841352,US,1222,1760841352,0,cpp,1805459482,1760841111,0,cpp,1805451227
3203,Abhay_Sharma21,Abhay_Sharma17,IN,India,7,1760841352,US,1222,1760841352,0,cpp,1805459510,1760841141,0,cpp,1805452164
3204,anuj_CH,anuj_CH,,,7,1760841353,US,1222,1760841353,0,cpp,1805459514,1760841153,0,cpp,1805452637
3205,Adi,A_D_I,IN,India,7,1760841353,US,1222,1760841353,0,python3,1805459532,1760841133,0,python3,1805451913
3206,Shresth Bansal,TheLxcifer,IN,India,7,1760841355,US,1222,1760841355,0,cpp,1805459583,1760841113,0,cpp,1805451287
3207,Santosh Kakkera,santosh_01,US,United States,7,1760841356,US,1222,1760841356,0,python3,1805459618,1760841132,0,python3,1805451892
3208,Rhitam Bhuiya,rhibhu,IN,India,7,1760841357,US,1222,1760841357,0,python3,1805459633,1760841137,0,python3,1805452035
3209,Preet Monga,PreetMongaPM,IN,India,7,1760841359,US,1222,1760841359,0,cpp,1805459689,1760841151,0,cpp,1805452592
3210,Aditya Sharma,dequeued,IN,India,7,1760841359,US,1222,1760841359,0,cpp,1805459708,1760841155,0,cpp,1805452713
3211,Kartik Kumar Singh,kartikkumarsingh159,,,7,1760841360,US,1222,1760841360,0,cpp,1805459718,1760841161,0,cpp,1805452915
3212,shashi thakur,shashi33984,,,7,1760841360,US,1222,1760841360,0,cpp,1805459737,1760841121,0,cpp,1805451530
3213,vimalraja,vimalraja,IN,India,7,1760841360,US,1222,1760841360,0,python3,1805459746,1760841199,0,python3,1805454263
3214,Kushagra Agarwal,Kushagra5124,IN,India,7,1760841361,US,1222,1760841361,0,cpp,1805459749,1760841180,0,cpp,1805453597
3215,Nikhil_Prakash_215_Shiva,Nikhil_Prakash_215_Shiva,,,7,1760841361,US,1222,1760841361,0,java,1805459774,1760841091,0,java,1805450708
3216,Vidhyadhar09,Vidhyadhar09,,,7,1760841363,US,1222,1760841363,0,cpp,1805459806,1760841177,0,cpp,1805453474
3217,Singuluri Naga Syam Praneeth,Singuluri_Naga_Syam_Praneeth,IN,India,7,1760841363,US,1222,1760841363,0,cpp,1805459820,1760841204,0,cpp,1805454454
3218,Sangam Dhiman,SD691,IN,India,7,1760841364,US,1222,1760841364,0,cpp,1805459853,1760841145,0,cpp,1805452341
3219,abac,m1s2x3,,中国,7,1760841364,CN,1265,1760841364,0,python3,671745745,1760841068,0,python3,671743957
3220,dhruv_malaviya,dhruvm1406,,,7,1760841366,US,1222,1760841366,0,cpp,1805459899,1760841125,0,cpp,1805451669
3221,J Narendar,narendar_7,IN,India,7,1760841368,US,1222,1760841368,0,python3,1805459951,1760841229,0,python3,1805455341
3222,SARTHAK JAIN,sarthak_jain18,IN,India,7,1760841368,US,1222,1760841368,0,cpp,1805459955,1760841115,0,cpp,1805451338
3223,Akshay Pamnani,long_game_player,US,United States,7,1760841369,US,1222,1760841369,0,python3,1805460008,1760841101,0,python3,1805450973
3224,Aditya Gupta,hunter_148,IN,India,7,1760841369,US,1222,1760841369,0,cpp,1805460022,1760841093,0,cpp,1805450753
3225,Devanshu Sharma,devanshu_shar,,,7,1760841370,US,1222,1760841370,0,cpp,1805460052,1760841211,0,cpp,1805454719
3226,SeifShaheen,SeifShaheen,EG,Egypt,7,1760841371,US,1222,1760841371,0,cpp,1805460065,1760841110,0,cpp,1805451200
3227,Shiva Sankar,shiva1718,,,7,1760841372,US,1222,1760841372,0,java,1805460120,1760841120,0,java,1805451510
3228,Rakshit Singh,r____singh,,,7,1760841372,US,1222,1760841372,0,cpp,1805460124,1760841144,0,cpp,1805452278
3229,Tejuuu_7777,Tejuuu_7777,,,7,1760841373,US,1222,1760841373,0,python3,1805460155,1760841299,0,python3,1805457719
3230,Hacker_Zero,Hacker_Zero,,,7,1760841373,US,1222,1760841373,0,python3,1805460167,1760841094,0,python3,1805450788
3231,jagbarrameda,jagbarrameda,,,7,1760841374,US,1222,1760841374,0,java,1805460192,1760841187,0,java,1805453829
3232,Krishna Pratap Singh,Krishna_786933,IN,India,7,1760841376,US,1222,1760841376,0,cpp,1805460241,1760841131,0,cpp,1805451857
3233,Ayushhh7900,Ayushhh7900,,,7,1760841377,US,1222,1760841377,0,cpp,1805460267,1760841097,0,cpp,1805450851
3234,Kashyap Rupareliya,kashyaprupareliya1811,IN,India,7,1760841378,US,1222,1760841378,0,cpp,1805460283,1760841117,0,cpp,1805451392
3235,Mouleas,Mouleas,IN,India,7,1760841379,US,1222,1760841379,0,python3,1805460336,1760841130,0,python3,1805451810
3236,Logeswari M,djsXLpmcmR,,,7,1760841379,US,1222,1760841379,0,python3,1805460344,1760841173,0,python3,1805453347
3237,rajender05,rajender05,,,7,1760841380,US,1222,1760841380,0,cpp,1805460355,1760841140,0,cpp,1805452124
3238,Manvir Singh,manvirsingh0427,IN,India,7,1760841380,US,1222,1760841380,0,cpp,1805460370,1760841103,0,cpp,1805451012
3239,SamBillon,SamBillon,US,United States,7,1760841380,US,1222,1760841380,0,cpp,1805460385,1760841069,0,cpp,1805450337
3240,Suraj Rajak,rajsuraj2021,,,7,1760841380,US,1222,1760841380,0,cpp,1805460399,1760841185,0,cpp,1805453754
3241,Aswin S,Hox_D_Aswin,IN,India,7,1760841381,US,1222,1760841381,0,cpp,1805460409,1760841162,0,cpp,1805452941
3242,Harshul Garg,codekar21,IN,India,7,1760841381,US,1222,1760841381,0,cpp,1805460413,1760841133,0,cpp,1805451919
3243,B. Deewakar Rao,Deewakar_Rao,IN,India,7,1760841382,US,1222,1760841382,0,cpp,1805460449,1760841125,0,cpp,1805451648
3244,Ssvinay,Sukhdevvinay,IN,India,7,1760841382,US,1222,1760841382,0,cpp,1805460456,1760841120,0,cpp,1805451509
3245,akhileshpadiyar,akhileshpadiyar,,,7,1760841383,US,1222,1760841383,0,cpp,1805460469,1760841203,0,cpp,1805454420
3246,Tofudog25,Tofudog25,,,7,1760841383,US,1222,1760841383,0,cpp,1805460480,1760841100,0,cpp,1805450950
3247,maniabhi976,maniabhi976,,,7,1760841384,US,1222,1760841384,0,cpp,1805460487,1760841153,0,cpp,1805452635
3248,Tripuratejasri_Gajula,Tripuratejasri_Gajula,IN,India,7,1760841384,US,1222,1760841384,0,python3,1805460513,1760841143,0,python3,1805452262
3249,Krishna Kanth,krishnakanthpathi,IN,India,7,1760841385,US,1222,1760841385,0,python3,1805460532,1760841123,0,python3,1805451597
3250,Nikhil Sachan,Nikhil-Sachan,IN,India,7,1760841385,US,1222,1760841385,0,cpp,1805460534,1760841086,0,cpp,1805450608
3251,Devesh,Devesh041,,,7,1760841385,US,1222,1760841385,0,cpp,1805460556,1760841178,0,cpp,1805453508
3252,Vinay_Kumar_Pulumamidi,Vinay_Kumar_Pulumamidi,,,7,1760841386,US,1222,1760841386,0,java,1805460597,1760841149,0,java,1805452494
3253,Yogesh Bora,BoraYogesh7007,IN,India,7,1760841387,US,1222,1760841387,0,cpp,1805460608,1760841091,0,cpp,1805450715
3254,Vivek Sahane,viveksahane28,IN,India,7,1760841387,US,1222,1760841387,0,java,1805460615,1760841145,0,java,1805452342
3255,Tejesh Reddy,Tejesh_rn,,,7,1760841387,US,1222,1760841387,0,python3,1805460630,1760841096,0,python3,1805450827
3256,Manthan,manthu01,IN,India,7,1760841388,US,1222,1760841388,0,cpp,1805460653,1760841146,0,cpp,1805452371
3257,arthiganapathi,arthiganapathi,IN,India,7,1760841388,US,1222,1760841257,0,java,1805456290,1760841388,0,java,1805460665
3258,Shadab Raza,Chrisgayle,IN,India,7,1760841389,US,1222,1760841389,0,cpp,1805460700,1760841166,0,cpp,1805453073
3259,Wang,whr1997,CN,China,7,1760841389,US,1222,1760841389,0,cpp,1805460711,1760841126,0,cpp,1805451683
3260,bobby27,bobby27,,,7,1760841389,US,1222,1760841389,0,cpp,1805460716,1760841054,0,cpp,1805450154
3261,Alexander Peras,AlexthePear,US,United States,7,1760841391,US,1222,1760841391,0,cpp,1805460758,1760841110,0,cpp,1805451197
3262,Chipurla Yashwanthreddy,YashwanthReddyC8,,,7,1760841393,US,1222,1760841393,0,python3,1805460838,1760841184,0,python3,1805453726
3263,Anirudha Krishna,anirudhakrishnak,,,7,1760841395,US,1222,1760841395,0,java,1805460901,1760841187,0,java,1805453828
3264,Gokul,GokulKumar2003,IN,India,7,1760841395,US,1222,1760841395,0,cpp,1805460922,1760841267,0,cpp,1805456609
3265,rautrutuj123,rautrutuj123,IN,India,7,1760841396,US,1222,1760841396,0,cpp,1805460949,1760841161,0,cpp,1805452921
3266,Ashutosh_Kumar123418,Ashutosh_Kumar123418,,,7,1760841396,US,1222,1760841396,0,cpp,1805460950,1760841107,0,cpp,1805451127
3267,UJJAL Roy,ByomkeshBokshi,IN,India,7,1760841396,US,1222,1760841396,0,java,1805460957,1760841193,0,java,1805454065
3268,LB07CeiRM2,LB07CeiRM2,,,7,1760841396,US,1222,1760841396,0,cpp,1805460960,1760841096,0,cpp,1805450832
3269,bharat109,bharat109,,,7,1760841400,US,1222,1760841400,0,java,1805461068,1760841163,0,java,1805453000
3270,Charan Reddy,charanreddy-23,IN,India,7,1760841400,US,1222,1760841400,0,cpp,1805461069,1760841145,0,cpp,1805452355
3271,aryan-tiwari_7,aryan-tiwari_7,,,7,1760841400,US,1222,1760841244,0,cpp,1805455863,1760841400,0,cpp,1805461072
3272,AKASSH-M,AKASSH_M,IN,India,7,1760841400,US,1222,1760841400,0,java,1805461092,1760841131,0,java,1805451847
3273,Dinesh_Kumar_2006,Dinesh_Kumar_2006,IN,India,7,1760841401,US,1222,1760841401,0,java,1805461113,1760841184,0,java,1805453742
3274,Maheswari,Maheswari28,IN,India,7,1760841401,US,1222,1760841401,0,cpp,1805461119,1760841130,0,cpp,1805451838
3275,7cgpa,7cgpa,,,7,1760841401,US,1222,1760841401,0,cpp,1805461125,1760841164,0,cpp,1805453018
3276,Neel Shah,Idonotknow______,,,7,1760841402,US,1222,1760841304,0,cpp,1805457883,1760841402,0,cpp,1805461130
3277,CrazY_Tiger,_CrazY_Tiger_1511_,IN,India,7,1760841402,US,1222,1760841402,0,java,1805461143,1760841150,0,java,1805452546
3278,hc167,hc167,,,7,1760841402,US,1222,1760841402,0,cpp,1805461152,1760841147,0,cpp,1805452412
3279,aayush8910sh,aayush8910sh,,,7,1760841403,US,1222,1760841403,0,cpp,1805461157,1760841101,0,cpp,1805450962
3280,Raj Gehlot,RajGehlot,IN,India,7,1760841403,US,1222,1760841403,0,cpp,1805461174,1760841169,0,cpp,1805453169
3281,Shantanu Sutar,Shantanu-Sutar,IN,India,7,1760841403,US,1222,1760841403,0,java,1805461178,1760841145,0,java,1805452326
3282,Original,Madhi_original,,,7,1760841404,US,1222,1760841404,0,java,1805461195,1760841153,0,java,1805452647
3283,nagalaxmi_8,nagalaxmi_8,,,7,1760841404,US,1222,1760841404,0,python3,1805461210,1760841129,0,python3,1805451779
3284,Dawman,Dawman,,,7,1760841405,US,1222,1760841405,0,python3,1805461229,1760841231,0,python3,1805455397
3285,Sharmili_Y,SHARMILI_Y,IN,India,7,1760841405,US,1222,1760841405,0,python3,1805461243,1760841332,0,python3,1805458808
3286,Manan Jain,MananJain1010,,,7,1760841406,US,1222,1760841406,0,cpp,1805461267,1760841224,0,cpp,1805455172
3287,vinay peddinti,pvssvinay,IN,India,7,1760841406,US,1222,1760841406,0,cpp,1805461277,1760841142,0,cpp,1805452224
3288,Krishnasai,G_Krishna_Venkat_Sai,,,7,1760841406,US,1222,1760841406,0,java,1805461284,1760841137,0,java,1805452040
3289,dg_031,dg_031,,,7,1760841406,US,1222,1760841406,0,cpp,1805461287,1760841214,0,cpp,1805454858
3290,Harish,U-Harish7777,IN,India,7,1760841407,US,1222,1760841407,0,python3,1805461304,1760841093,0,python3,1805450754
3291,Zinal Potphode,zinalvijaypotphode,,,7,1760841408,US,1222,1760841408,0,cpp,1805461332,1760841169,0,cpp,1805453199
3292,Gaurav Kumar,gauravkumar72,IN,India,7,1760841408,US,1222,1760841408,0,cpp,1805461348,1760841140,0,cpp,1805452133
3293,virendrasingha110,virendrasingha110,,,7,1760841408,US,1222,1760841408,0,java,1805461360,1760841179,0,java,1805453565
3294,Dheraj_S,Dheraj_S,,,7,1760841408,US,1222,1760841408,0,cpp,1805461362,1760841183,0,cpp,1805453710
3295,Sribathrinathan,Sribathrinathan,,,7,1760841408,US,1222,1760841408,0,python3,1805461370,1760841175,0,python3,1805453420
3296,Siddartha Karri,siddarthak,IN,India,7,1760841409,US,1222,1760841409,0,cpp,1805461388,1760841207,0,cpp,1805454581
3297,Ritik Raikwar,Ritik_Raikwar_777,IN,India,7,1760841409,US,1222,1760841409,0,python3,1805461407,1760841151,0,python3,1805452574
3298,Lahari_meesala,Lahari_meesala,,,7,1760841410,US,1222,1760841410,0,python3,1805461408,1760841151,0,python3,1805452564
3299,SN_6,SN_6,,,7,1760841410,US,1222,1760841410,0,java,1805461442,1760841240,0,java,1805455745
3300,Glory_1234,Glory_1234,,,7,1760841411,US,1222,1760841411,0,java,1805461451,1760841144,0,java,1805452299
3301,Jitendra kumar choudhary,jkumar8455,IN,India,7,1760841411,US,1222,1760841411,0,cpp,1805461473,1760841098,0,cpp,1805450877
3302,Mahathi M,mahathi6,IN,India,7,1760841413,US,1222,1760841413,0,python3,1805461515,1760841140,0,python3,1805452140
3303,BOJO,sameer234,IN,India,7,1760841413,US,1222,1760841413,0,cpp,1805461520,1760841201,0,cpp,1805454348
3304,Lal Bihari Pandey,pandayed,IN,India,7,1760841414,US,1222,1760841414,0,cpp,1805461539,1760841161,0,cpp,1805452934
3305,Zeel Thakkar,zeel___13,,,7,1760841414,US,1222,1760841414,0,cpp,1805461543,1760841152,0,cpp,1805452598
3306,HARSHAL SETHIYA,sethiyaharshal,IN,India,7,1760841415,US,1222,1760841415,0,cpp,1805461589,1760841141,0,cpp,1805452157
3307,bhaveshgandham,bhaveshgandham,,,7,1760841416,US,1222,1760841416,0,python3,1805461598,1760841093,0,python3,1805450755
3308,yh429518,yh429518,,,7,1760841416,US,1222,1760841416,0,python3,1805461604,1760841187,0,python3,1805453841
3309,polibhanu,polibhanu,,,7,1760841416,US,1222,1760841416,0,java,1805461608,1760841147,0,java,1805452394
3310,SANKEERTH KATTA,sankeerth_1803,IN,India,7,1760841417,US,1222,1760841417,0,java,1805461621,1760841183,0,java,1805453688
3311,Yash Garg,Yash2900,IN,India,7,1760841418,US,1222,1760841418,0,cpp,1805461648,1760841216,0,cpp,1805454909
3312,harshit_Kishtwal,harshit_Kishtwal,IN,India,7,1760841418,US,1222,1760841418,0,cpp,1805461655,1760841121,0,cpp,1805451538
3313,Akshit_Nagar,Akshit_Nagar,,,7,1760841418,US,1222,1760841418,0,cpp,1805461665,1760841133,0,cpp,1805451935
3314,manideep9948,manideep9948,,,7,1760841418,US,1222,1760841418,0,java,1805461666,1760841164,0,java,1805453013
3315,Avincy,Avincy,IN,India,7,1760841419,US,1222,1760841419,0,cpp,1805461716,1760841143,0,cpp,1805452238
3316,SOHAIL ALAM,sohailalamx,IN,India,7,1760841420,US,1222,1760841420,0,cpp,1805461749,1760841162,0,cpp,1805452959
3317,Rohit Sharma,tihorsharma123,IN,India,7,1760841421,US,1222,1760841421,0,cpp,1805461773,1760841161,0,cpp,1805452923
3318,Ryan Tan,ryantanleet,,,7,1760841422,US,1222,1760841422,0,python3,1805461799,1760841129,0,python3,1805451792
3319,Sunny,W1LNpUcBBH,,,7,1760841423,US,1222,1760841423,0,java,1805461835,1760841192,0,java,1805454040
3320,Navya sree Balu,navya23wh1a1286,IN,India,7,1760841425,US,1222,1760841425,0,python3,1805461880,1760841106,0,python3,1805451095
3321,varsha0101,varsha0101,,,7,1760841425,US,1222,1760841425,0,java,1805461910,1760841189,0,java,1805453943
3322,jeevithp,jeevithp,IN,India,7,1760841426,US,1222,1760841426,0,cpp,1805461919,1760841230,0,cpp,1805455386
3323,Gourav Saini,Wn5M80qfaP,,,7,1760841426,US,1222,1760841426,0,cpp,1805461933,1760841193,0,cpp,1805454047
3324,Pranjay_Chouhan,Pranjay_Chouhan,IN,India,7,1760841426,US,1222,1760841426,0,cpp,1805461947,1760841059,0,cpp,1805450190
3325,Pratik Kshirsagar,pratikmk264,IN,India,7,1760841427,US,1222,1760841427,0,cpp,1805461951,1760841159,0,cpp,1805452840
3326,Udit Raj Kumar,ItsKumarUdit,,,7,1760841427,US,1222,1760841427,0,java,1805461981,1760841188,0,java,1805453871
3327,CHAO MING,user4011je,,,7,1760841427,US,1222,1760841427,0,java,1805461987,1760841162,0,java,1805452938
3328,Kannadhasan S,Kannadhasan_25,IN,India,7,1760841428,US,1222,1760841428,0,python3,1805462007,1760841149,0,python3,1805452518
3329,vivekshamraofalke19,vivekshamraofalke19,,,7,1760841428,US,1222,1760841428,0,cpp,1805462015,1760841097,0,cpp,1805450861
3330,Gourav,gouravez,IN,India,7,1760841429,US,1222,1760841429,0,cpp,1805462031,1760841095,0,cpp,1805450802
3331,Sudharsan Deepak S,SudharsanDeepak,IN,India,7,1760841429,US,1222,1760841429,0,cpp,1805462033,1760841211,0,cpp,1805454726
3332,Guna Praneeth,GunaPraneeth,IN,India,7,1760841429,US,1222,1760841429,0,java,1805462052,1760841256,0,java,1805456257
3333,abi0207,abi0207,,,7,1760841430,US,1222,1760841430,0,cpp,1805462059,1760841227,0,cpp,1805455280
3334,bhaskar_116,bhaskar_116,,,7,1760841430,US,1222,1760841430,0,cpp,1805462062,1760841178,0,cpp,1805453537
3335,Bibhanshu Mishra,bibhu0404,IN,India,7,1760841430,US,1222,1760841430,0,java,1805462073,1760841122,0,java,1805451588
3336,user404,Y3l4INvghQ,,,7,1760841430,US,1222,1760841430,0,cpp,1805462077,1760841161,0,cpp,1805452931
3337,akshay_agni_96,akshay_agni_96,,,7,1760841430,US,1222,1760841430,0,java,1805462083,1760841166,0,java,1805453066
3338,Nikhitha2119,Nikhitha2119,,,7,1760841432,US,1222,1760841432,0,java,1805462134,1760841136,0,java,1805452000
3339,Manu Omar,Manuomar,IN,India,7,1760841432,US,1222,1760841432,0,cpp,1805462141,1760841225,0,cpp,1805455199
3340,vismay__18,vismay__18,,,7,1760841433,US,1222,1760841433,0,java,1805462159,1760841142,0,java,1805452229
3341,Shashi Saurabh,shashi454880,,,7,1760841433,US,1222,1760841433,0,cpp,1805462171,1760841202,0,cpp,1805454375
3342,NEETIKA GOEL,NeetikaGoel,IN,India,7,1760841433,US,1222,1760841433,0,cpp,1805462178,1760841137,0,cpp,1805452038
3343,Xiaowei Zheng,xiaowei_zheng,US,United States,7,1760841434,US,1222,1760841434,0,cpp,1805462187,1760841147,0,cpp,1805452398
3344,Oojam Chaudhary,oojamchaudhary,IN,India,7,1760841435,US,1222,1760841435,0,cpp,1805462227,1760841139,0,cpp,1805452106
3345,Sampath_kk,Sampath_kk,,,7,1760841436,US,1222,1760841436,0,cpp,1805462256,1760841092,0,cpp,1805450738
3346,swapnika9494,swapnika9494,,,7,1760841436,US,1222,1760841436,0,java,1805462281,1760841169,0,java,1805453178
3347,Ujjwal Pratap Singh,Ujjwal20_,IN,India,7,1760841436,US,1222,1760841436,0,cpp,1805462286,1760841131,0,cpp,1805451874
3348,Aryan Maurya,thesoftaryan,IN,India,7,1760841437,US,1222,1760841437,0,cpp,1805462315,1760841115,0,cpp,1805451322
3349,Anuj kumar,noob_anuj53,IN,India,7,1760841437,US,1222,1760841437,0,cpp,1805462333,1760841103,0,cpp,1805451022
3350,Dustin Du,erjelrkjerl,US,United States,7,1760841437,US,1222,1760841437,0,python3,1805462337,1760841272,0,python3,1805456777
3351,RtCe,clever-euclid7b8,,中国,7,1760841437,CN,1265,1760841437,0,cpp,671746127,1760841148,0,cpp,671744468
3352,AravalamRajasekhar,AravalamRajasekhar,IN,India,7,1760841438,US,1222,1760841438,0,python3,1805462342,1760841116,0,python3,1805451347
3353,AkashChaudhary,Mighty_One,IN,India,7,1760841438,US,1222,1760841438,0,cpp,1805462365,1760841152,0,cpp,1805452627
3354,karmugilan_28,karmugilan_28,IN,India,7,1760841438,US,1222,1760841438,0,cpp,1805462366,1760841237,0,cpp,1805455604
3355,psg,kush18,IN,India,7,1760841438,US,1222,1760841438,0,cpp,1805462372,1760841138,0,cpp,1805452093
3356,Hritik Belani,HritikRBelani,IN,India,7,1760841438,US,1222,1760841438,0,cpp,1805462373,1760841145,0,cpp,1805452338
3357,Akash Parihar,j_b_m_1_0,IN,India,7,1760841439,US,1222,1760841439,0,cpp,1805462385,1760841122,0,cpp,1805451564
3358,Noob60,Noob60,,,7,1760841439,US,1222,1760841439,0,cpp,1805462387,1760841208,0,cpp,1805454605
3359,voldemorttt,voldemorttt,,,7,1760841439,US,1222,1760841439,0,java,1805462411,1760841177,0,java,1805453496
3360,kesamsettyabhinav,kesamsettyabhinav,,,7,1760841440,US,1222,1760841440,0,java,1805462420,1760841231,0,java,1805455424
3361,Ratnesh_1144,Ratnesh_1144,IN,India,7,1760841441,US,1222,1760841441,0,cpp,1805462449,1760841145,0,cpp,1805452319
3362,SYED UBED,Syed_Ubed_1053,IN,India,7,1760841441,US,1222,1760841441,0,cpp,1805462453,1760841183,0,cpp,1805453720
3363,Sunny Punia,sunnypunia905,IN,India,7,1760841442,US,1222,1760841442,0,cpp,1805462486,1760841190,0,cpp,1805453957
3364,satyam jha,pandafinix,IN,India,7,1760841442,US,1222,1760841442,0,cpp,1805462495,1760841101,0,cpp,1805450960
3365,ShymAsur,ShymAsur,,,7,1760841443,US,1222,1760841443,0,cpp,1805462515,1760841271,0,cpp,1805456734
3366,Ramadheer Kulkarni,CilantroExitoso,IN,India,7,1760841444,US,1222,1760841444,0,cpp,1805462539,1760841153,0,cpp,1805452654
3367,Shukla_Ji47,Shukla_Ji47,,,7,1760841444,US,1222,1760841444,0,cpp,1805462549,1760841079,0,cpp,1805450483
3368,Mayur Tetwar,Mayur511,IN,India,7,1760841444,US,1222,1760841444,0,java,1805462581,1760841148,0,java,1805452469
3369,Priyanshu Prakash,priyan_23,IN,India,7,1760841445,US,1222,1760841445,0,cpp,1805462590,1760841190,0,cpp,1805453945
3370,pooja1305,pooja1305,,,7,1760841445,US,1222,1760841445,0,java,1805462616,1760841210,0,java,1805454683
3371,Chandan kumar Singh,singhchandankumariit,,,7,1760841445,US,1222,1760841445,0,python,1805462617,1760841189,0,python,1805453936
3372,Rajat Bagaddeo,omkarrajat04,,,7,1760841445,US,1222,1760841445,0,cpp,1805462629,1760841186,0,cpp,1805453793
3373,Rishi Verma,risshi-codes,IN,India,7,1760841446,US,1222,1760841446,0,cpp,1805462640,1760841228,0,cpp,1805455311
3374,Sangulge Prudhvi Raj,sangulgeprudhvi,IN,India,7,1760841447,US,1222,1760841447,0,cpp,1805462694,1760841120,0,cpp,1805451485
3375,avi_1102,avi_1102,,,7,1760841448,US,1222,1760841448,0,python3,1805462697,1760841200,0,python3,1805454312
3376,B05NYcX4ba,B05NYcX4ba,,,7,1760841449,US,1222,1760841449,0,java,1805462729,1760841141,0,java,1805452181
3377,mohan bera,4curiosity,IN,India,7,1760841449,US,1222,1760841449,0,java,1805462737,1760841175,0,java,1805453404
3378,Parvataneni Amulya,parvataneniamulya,IN,India,7,1760841449,US,1222,1760841449,0,cpp,1805462750,1760841178,0,cpp,1805453516
3379,Ramling Hule,RamlingHule,,,7,1760841450,US,1222,1760841450,0,java,1805462771,1760841186,0,java,1805453789
3380,lihaoze,lhz960904,,中国,7,1760841452,CN,1265,1760841452,0,javascript,671746207,1760841192,0,javascript,671744755
3381,RAMADUGU_AVINASH,RAMADUGU_AVINASH,IN,India,7,1760841452,US,1222,1760841452,0,cpp,1805462855,1760841239,0,cpp,1805455703
3382,Amaranath,amarever,IN,India,7,1760841453,US,1222,1760841453,0,cpp,1805462889,1760841200,0,cpp,1805454320
3383,slade_achi,slade_achi,IN,India,7,1760841454,US,1222,1760841454,0,cpp,1805462920,1760841117,0,cpp,1805451410
3384,Abhishek kumar,KC1ThSVUsO,,,7,1760841455,US,1222,1760841455,0,cpp,1805462948,1760841200,0,cpp,1805454315
3385,graphedger,ankitaaggrwal12,IN,India,7,1760841456,US,1222,1760841456,0,cpp,1805462971,1760841118,0,cpp,1805451445
3386,tanushlukha,tanushlukha,IN,India,7,1760841457,US,1222,1760841457,0,cpp,1805463004,1760841253,0,cpp,1805456173
3387,Ramya Sree,ramya_sree04,,,7,1760841458,US,1222,1760841458,0,cpp,1805463024,1760841071,0,cpp,1805450359
3388,ManishaUpprety,ManishaUpprety,,,7,1760841459,US,1222,1760841459,0,python3,1805463053,1760841251,0,python3,1805456094
3389,张伟,zhang-wei-uk,,,7,1760841461,CN,1265,1760841461,0,python3,671746245,1760841080,0,python3,671744027
3390,Prem Duvvapu,prem_duvvapu,IN,India,7,1760841461,US,1222,1760841461,0,java,1805463145,1760841220,0,java,1805455048
3391,saravanank1012,saravanank1012,,,7,1760841463,US,1222,1760841463,0,cpp,1805463173,1760841208,0,cpp,1805454619
3392,VINITH,VINITH777,IN,India,7,1760841463,US,1222,1760841463,0,python3,1805463197,1760841200,0,python3,1805454321
3393,Tsar1453,Tsar1453,,,7,1760841464,US,1222,1760841464,0,cpp,1805463215,1760841150,0,cpp,1805452539
3394,猴子搬来的救兵,hou-zi-ban-lai-de-jiu-bing-t,,,7,1760841464,CN,1265,1760841464,0,python3,671746265,1760841116,0,python3,671744264
3395,MEIAKASH,MEIAKASH,,,7,1760841465,US,1222,1760841465,0,java,1805463254,1760841234,0,java,1805455536
3396,Lakshya gupta,Lakshyagupta2782,IN,India,7,1760841466,US,1222,1760841466,0,cpp,1805463269,1760841188,0,cpp,1805453868
3397,Kartik Gupta,Kartikgupta1311,IN,India,7,1760841466,US,1222,1760841466,0,cpp,1805463272,1760841137,0,cpp,1805452060
3398,Milan Prajapati,MilanPrajapati,IN,India,7,1760841466,US,1222,1760841466,0,cpp,1805463273,1760841159,0,cpp,1805452854
3399,Shiva,ShivaBalajiTalla,IN,India,7,1760841466,US,1222,1760841466,0,java,1805463293,1760841213,0,java,1805454788
3400,Vishalini M,Vishalinim9962,IN,India,7,1760841467,US,1222,1760841467,0,python3,1805463325,1760841230,0,python3,1805455388
3401,mrajneesh001,mrajneesh001,,,7,1760841467,US,1222,1760841467,0,cpp,1805463338,1760841152,0,cpp,1805452602
3402,jesh32,jesh32,,,7,1760841468,US,1222,1760841468,0,python3,1805463353,1760841107,0,python3,1805451105
3403,Surekha A,surekha_a,IN,India,7,1760841469,US,1222,1760841469,0,python3,1805463373,1760841154,0,python3,1805452700
3404,Firegreat,firegreat,,,7,1760841469,CN,1265,1760841469,0,python3,671746283,1760841081,0,python3,671744031
3405,pragyan-04s,pragyan-04s,,,7,1760841469,US,1222,1760841469,0,java,1805463375,1760841267,0,java,1805456593
3406,Sathwik R Bhandarkar,Sathwik004,IN,India,7,1760841470,US,1222,1760841470,0,python3,1805463419,1760841188,0,python3,1805453905
3407,yash jain,jain_yash_,IN,India,7,1760841471,US,1222,1760841471,0,java,1805463445,1760841230,0,java,1805455379
3408,Aditya Raj,adityajainforlife,,,7,1760841472,US,1222,1760841472,0,cpp,1805463453,1760841148,0,cpp,1805452461
3409,Achintya Chauhan,Achintya_1583,IN,India,7,1760841472,US,1222,1760841472,0,cpp,1805463465,1760841190,0,cpp,1805453956
3410,sanju_2006s8OUPI,sanju_2006,,,7,1760841473,US,1222,1760841473,0,python3,1805463495,1760841136,0,python3,1805452004
3411,rajeevranjan_123,rajeevranjan_123,,,7,1760841474,US,1222,1760841474,0,cpp,1805463502,1760841190,0,cpp,1805453949
3412,sathwikareddy,sathwikareddy16,,,7,1760841474,US,1222,1760841474,0,python3,1805463532,1760841213,0,python3,1805454811
3413,Rahul kumar,rahul710,IN,India,7,1760841475,US,1222,1760841475,0,cpp,1805463559,1760841231,0,cpp,1805455421
3414,Rohith Paruchuri,ParuchuriRohith,,,7,1760841477,US,1222,1760841477,0,python3,1805463599,1760841132,0,python3,1805451902
3415,Kitasan,u1f340,,,7,1760841478,US,1222,1760841478,0,typescript,1805463644,1760841149,0,typescript,1805452509
3416,liujg3,liujg3,,中国,7,1760841478,CN,1265,1760841478,0,python3,671746334,1760841075,0,python3,671743995
3417,SsyHow,SsyHow,,,7,1760841479,US,1222,1760841479,0,python3,1805463675,1760841125,0,python3,1805451673
3418,pearl174,pearl174,,,7,1760841479,US,1222,1760841479,0,python3,1805463683,1760841193,0,python3,1805454057
3419,Philip,philippark271,US,United States,7,1760841479,US,1222,1760841356,0,python3,1805459610,1760841479,0,python3,1805463691
3420,Snehartha,SNEHARTHA,,,7,1760841479,US,1222,1760841479,0,cpp,1805463697,1760841148,0,cpp,1805452467
3421,tejas joharapurkar,Tejas-Joharapurkar,,,7,1760841480,US,1222,1760841480,0,cpp,1805463720,1760841137,0,cpp,1805452048
3422,aryannegi1247,aryannegi1247,,,7,1760841481,US,1222,1760841481,0,cpp,1805463750,1760841143,0,cpp,1805452241
3423,iMissHer,AnujG28,IN,India,7,1760841482,US,1222,1760841482,0,java,1805463765,1760841119,0,java,1805451452
3424,Kanchana Ihalagedara,ikihalagedara,US,United States,7,1760841482,US,1222,1760841482,0,python3,1805463770,1760841127,0,python3,1805451713
3425,venkatesh,venkat03042006,,,7,1760841482,US,1222,1760841482,0,python3,1805463786,1760841406,0,python3,1805461275
3426,Tanmay_Kanani,Tanmay_Kanani,IN,India,7,1760841483,US,1222,1760841483,0,python3,1805463788,1760841174,0,python3,1805453361
3427,Raghunath Sundar,Raghunath2006,IN,India,7,1760841483,US,1222,1760841360,0,cpp,1805459724,1760841483,0,cpp,1805463791
3428,pavithra7025,pavithra7025,,,7,1760841483,US,1222,1760841483,0,java,1805463796,1760841179,0,java,1805453559
3429,vuppala manish,vuppalamanish418,IN,India,7,1760841483,US,1222,1760841483,0,python3,1805463799,1760841136,0,python3,1805452009
3430,Indra Suthar,indarsuthar07,IN,India,7,1760841484,US,1222,1760841484,0,cpp,1805463842,1760841161,0,cpp,1805452899
3431,Sanjay V,Sanjay_V_17,,,7,1760841485,US,1222,1760841485,0,python3,1805463880,1760841180,0,python3,1805453573
3432,umme_96,umme_96,,,7,1760841486,US,1222,1760841486,0,cpp,1805463901,1760841171,0,cpp,1805453274
3433,ashwanth78,ashwanth78,,,7,1760841487,US,1222,1760841487,0,cpp,1805463916,1760841181,0,cpp,1805453616
3434,Mike Gorodilov,BrutalReviewer,RU,Russia,7,1760841487,US,1222,1760841487,0,golang,1805463944,1760841183,0,golang,1805453695
3435,小菜菜爱打怪,nice-proskuriakovalzj,,,7,1760841488,CN,1265,1760841488,0,java,671746380,1760841228,0,java,671744988
3436,roshanyadav230417,roshanyadav230417,,,7,1760841488,US,1222,1760841488,0,cpp,1805463975,1760841194,0,cpp,1805454105
3437,tanvimandhan_22,tanvimandhan_22,,,7,1760841489,US,1222,1760841489,0,cpp,1805464009,1760841210,0,cpp,1805454667
3438,kai,kylehue,,,7,1760841490,US,1222,1760841490,0,javascript,1805464010,1760841133,0,javascript,1805451932
3439,Rishi Pandey,pandey_rishi,IN,India,7,1760841491,US,1222,1760841491,0,cpp,1805464065,1760841227,0,cpp,1805455278
3440,Mithil Pathak,pathakmithil06,,,7,1760841491,US,1222,1760841491,0,cpp,1805464068,1760841131,0,cpp,1805451856
3441,Ankur Verma,ankur_code07,IN,India,7,1760841492,US,1222,1760841492,0,cpp,1805464081,1760841193,0,cpp,1805454048
3442,Aarti_Bhardwaj,Aarti_Sharma25,IN,India,7,1760841494,US,1222,1760841494,0,cpp,1805464160,1760841116,0,cpp,1805451367
3443,vahrohit13042005,vahrohit13042005,,,7,1760841495,US,1222,1760841495,0,python3,1805464186,1760841081,0,python3,1805450517
3444,Alla_Yaswitha,Alla_Yaswitha,,,7,1760841495,US,1222,1760841495,0,cpp,1805464192,1760841165,0,cpp,1805453036
3445,陌雨笛笙,exciting-einsteiniwe,,,7,1760841495,CN,1265,1760841495,0,java,671746417,1760841244,0,java,671745092
3446,ADHITHYAN__K,ADHITHYAN__K,,,7,1760841496,US,1222,1760841496,0,python3,1805464202,1760841127,0,python3,1805451738
3447,rhapsodicthief,rhapsodicthief,,,7,1760841496,US,1222,1760841496,0,cpp,1805464216,1760841108,0,cpp,1805451153
3448,Samraddhi Gupta,hDZD7jFJfM,,,7,1760841496,US,1222,1760841496,0,cpp,1805464227,1760841218,0,cpp,1805454991
3449,Shashwat,shashwats1,,,7,1760841497,US,1222,1760841497,0,cpp,1805464235,1760841128,0,cpp,1805451772
3450,Manu_palash,Manu_palash,IN,India,7,1760841497,US,1222,1760841497,0,java,1805464238,1760841212,0,java,1805454771
3451,Prashant kumar,prashantk01,IN,India,7,1760841497,US,1222,1760841497,0,cpp,1805464244,1760841233,0,cpp,1805455468
3452,TheLatentCoder,TheLatentCoder,,,7,1760841498,US,1222,1760841498,0,cpp,1805464278,1760841205,0,cpp,1805454514
3453,omkarandhere,omkarandhere,,,7,1760841498,US,1222,1760841498,0,java,1805464281,1760841201,0,java,1805454350
3454,Anshika Chhabra,anshikachhabra_,IN,India,7,1760841499,US,1222,1760841499,0,cpp,1805464295,1760841100,0,cpp,1805450941
3455,SANJAY,sanjaymarathi,IN,India,7,1760841499,US,1222,1760841499,0,cpp,1805464302,1760841114,0,cpp,1805451299
3456,SABIR,sabir_123,,,7,1760841499,US,1222,1760841499,0,cpp,1805464311,1760841240,0,cpp,1805455747
3457,Mannai1234,Mannai1234,,,7,1760841500,US,1222,1760841260,0,cpp,1805456385,1760841500,0,cpp,1805464327
3458,Nithiish,Nithiish_1,,,7,1760841501,US,1222,1760841501,0,cpp,1805464356,1760841206,0,cpp,1805454525
3459,Niraj Sahani,niraj105,IN,India,7,1760841502,US,1222,1760841502,0,java,1805464397,1760841185,0,java,1805453753
3460,Shudhanshu Kumar,skp190,IN,India,7,1760841503,US,1222,1760841503,0,cpp,1805464425,1760841127,0,cpp,1805451725
3461,rahulprasad03,rahulprasad03,,,7,1760841504,US,1222,1760841504,0,cpp,1805464456,1760841138,0,cpp,1805452087
3462,eRgafsQjgA,eRgafsQjgA,,,7,1760841505,US,1222,1760841505,0,java,1805464484,1760841201,0,java,1805454336
3463,Tharani_17,Tharani_17,IN,India,7,1760841506,US,1222,1760841506,0,python3,1805464501,1760841309,0,python3,1805458062
3464,Komuravelli Anvesh,anvesh_3,IN,India,7,1760841507,US,1222,1760841507,0,java,1805464539,1760841155,0,java,1805452716
3465,Nagar,nagarsonu,IN,India,7,1760841508,US,1222,1760841508,0,cpp,1805464566,1760841220,0,cpp,1805455051
3466,Ansh Agarwal,agarwalansh,IN,India,7,1760841508,US,1222,1760841508,0,cpp,1805464567,1760841120,0,cpp,1805451483
3467,Friendly ZhukovskyhO0,friendly-zhukovskyho0,,,7,1760841509,CN,1265,1760841509,0,cpp,671746477,1760841270,0,cpp,671745234
3468,Lokesh,l8nHR78fuA,,,7,1760841509,US,1222,1760841509,0,cpp,1805464595,1760841128,0,cpp,1805451765
3469,Jovial TorvaldsDzi,jovial-torvaldsdzi,,,7,1760841509,CN,1265,1760841509,0,java,671746480,1760841337,0,java,671745593
3470,Guru Sai,gurusai95155,,,7,1760841510,US,1222,1760841510,0,java,1805464614,1760841333,0,java,1805458823
3471,VedanshPande,VedanshPande,,,7,1760841510,US,1222,1760841510,0,java,1805464619,1760841230,0,java,1805455381
3472,Vaibhav Rawat,V-a-i-b-h-a-v,IN,India,7,1760841510,US,1222,1760841510,0,java,1805464631,1760841145,0,java,1805452351
3473,Jsl,Jai9767,,,7,1760841511,US,1222,1760841511,0,cpp,1805464641,1760841136,0,cpp,1805451998
3474,哄哄,hong-hong-6nd,,,7,1760841511,CN,1265,1760841511,0,cpp,671746495,1760841138,0,cpp,671744392
3475,JM5064,JM5064,,,7,1760841512,US,1222,1760841512,0,python3,1805464667,1760841126,0,python3,1805451696
3476,shruti singh,shrutisingh24,IN,India,7,1760841513,US,1222,1760841513,0,cpp,1805464677,1760841121,0,cpp,1805451525
3477,prathmesh_kolp,prathmesh_kolp,,,7,1760841513,US,1222,1760841513,0,cpp,1805464687,1760841150,0,cpp,1805452559
3478,Rishi Koushik,koushikrishi23,,,7,1760841513,US,1222,1760841513,0,cpp,1805464695,1760841110,0,cpp,1805451205
3479,vanisha16,vanisha16,,,7,1760841514,US,1222,1760841514,0,cpp,1805464712,1760841113,0,cpp,1805451278
3480,puviyarasu12,puviyarasu12,,,7,1760841514,US,1222,1760841514,0,java,1805464717,1760841201,0,java,1805454351
3481,Ankush Yadav,ankushyadav1979,IN,India,7,1760841514,US,1222,1760841514,0,cpp,1805464728,1760841205,0,cpp,1805454520
3482,AnanyaKota,AnanyaKota,IN,India,7,1760841515,US,1222,1760841515,0,python3,1805464752,1760841295,0,python3,1805457558
3483,shionfan,shionfan,,,7,1760841515,US,1222,1760841215,0,python3,1805454884,1760841106,1,python3,1805451097
3484,justdoit1999,justdoit1999,,,7,1760841515,US,1222,1760841515,0,cpp,1805464768,1760841110,0,cpp,1805451201
3485,alpha,alphaxTau,US,United States,7,1760841515,US,1222,1760841515,0,java,1805464771,1760841145,0,java,1805452348
3486,Varsha_117,Varsha_117,,,7,1760841516,US,1222,1760841516,0,java,1805464795,1760841287,0,java,1805457294
3487,SONIT RAJ,SONIT_RAJ,IN,India,7,1760841517,US,1222,1760841517,0,cpp,1805464813,1760841108,0,cpp,1805451136
3488,ASHISH RAIKWAR ACE,AR_KC_ACE,IN,India,7,1760841517,US,1222,1760841517,0,python3,1805464827,1760841371,0,python3,1805460088
3489,Divyanshu Varshney,code_with_dv,IN,India,7,1760841518,US,1222,1760841518,0,cpp,1805464841,1760841170,0,cpp,1805453229
3490,VIGNESH R,vigneshr1603,IN,India,7,1760841519,US,1222,1760841519,0,python3,1805464874,1760841192,0,python3,1805454025
3491,Enjamuri_Manuha,Enjamuri_Manuha,,,7,1760841519,US,1222,1760841519,0,java,1805464878,1760841263,0,java,1805456472
3492,lostparsley,lostparsley,,,7,1760841519,US,1222,1760841519,0,cpp,1805464880,1760841161,0,cpp,1805452902
3493,priyanshu_original,priyanshu_original,,,7,1760841519,US,1222,1760841519,0,cpp,1805464894,1760841149,0,cpp,1805452483
3494,cheguevera_08,cheguevera_08,,,7,1760841519,US,1222,1760841519,0,cpp,1805464899,1760841218,0,cpp,1805454961
3495,gnanasiri,gnanasiri,,,7,1760841520,US,1222,1760841520,0,python3,1805464911,1760841233,0,python3,1805455483
3496,Niteesh_kumar__,Niteesh_kumar__,,,7,1760841520,US,1222,1760841520,0,cpp,1805464917,1760841286,0,cpp,1805457253
3497,SWAROOP,33BNt67ifY,IN,India,7,1760841520,US,1222,1760841520,0,java,1805464925,1760841327,0,java,1805458643
3498,Sachin Patel,sachin5601,IN,India,7,1760841522,US,1222,1760841522,0,java,1805464962,1760841240,0,java,1805455720
3499,Rajat_Shukla,Rajat_Shukla,,,7,1760841522,US,1222,1760841522,0,java,1805464968,1760841113,0,java,1805451293
3500,pawanlok,pawanlok,IN,India,7,1760841522,US,1222,1760841522,0,cpp,1805464969,1760841158,0,cpp,1805452818
3501,sai2327,saiteja2327,IN,India,7,1760841522,US,1222,1760841522,0,cpp,1805464973,1760841252,0,cpp,1805456102
3502,vdeviatkov1,vdeviatkov1,,,7,1760841523,US,1222,1760841523,0,cpp,1805465023,1760841103,0,cpp,1805451029
3503,Abhimanyu Atri,AbhimanyuAtri,IN,India,7,1760841525,US,1222,1760841525,0,java,1805465064,1760841093,0,java,1805450767
3504,mynsxn,mynsxn,IN,India,7,1760841525,US,1222,1760841525,0,cpp,1805465073,1760841172,0,cpp,1805453302
3505,Ayush Garg,ayush_garg_0729,IN,India,7,1760841525,US,1222,1760841525,0,cpp,1805465076,1760841282,0,cpp,1805457082
3506,SamithP,SamithP,,,7,1760841526,US,1222,1760841526,0,python3,1805465083,1760841103,0,python3,1805451004
3507,Saurav Wani,sauravwani114,IN,India,7,1760841526,US,1222,1760841526,0,java,1805465087,1760841197,0,java,1805454194
3508,Aparichit_769,kpgsxnKQAA,IN,India,7,1760841526,US,1222,1760841526,0,cpp,1805465091,1760841355,0,cpp,1805459572
3509,Vishakha Mishra,VishakhaM1624,IN,India,7,1760841526,US,1222,1760841526,0,java,1805465099,1760841219,0,java,1805455015
3510,Nishant1194,Nishant1194,IN,India,7,1760841526,US,1222,1760841526,0,java,1805465102,1760841200,0,java,1805454296
3511,isha,42_Isha_kumari,,,7,1760841526,US,1222,1760841526,0,cpp,1805465107,1760841127,0,cpp,1805451712
3512,penguin_88,penguin_88,IN,India,7,1760841527,US,1222,1760841527,0,cpp,1805465114,1760841141,0,cpp,1805452162
3513,Divyanshu Jha,divyanshu_jha,,,7,1760841528,US,1222,1760841528,0,cpp,1805465160,1760841190,0,cpp,1805453967
3514,0x_zalam,0x_zalam,,,7,1760841528,US,1222,1760841528,0,python3,1805465164,1760841121,0,python3,1805451515
3515,NIKSHAY KATARIA,TheFugitive,,,7,1760841528,US,1222,1760841528,0,java,1805465169,1760841156,0,java,1805452760
3516,Charan_Kumar,charan_kr,IN,India,7,1760841529,US,1222,1760841529,0,java,1805465175,1760841168,0,java,1805453159
3517,idiot_620,idiot_620,,,7,1760841529,US,1222,1760841529,0,cpp,1805465206,1760841240,0,cpp,1805455733
3518,manshikatiyar,manshikatiyar,,,7,1760841530,US,1222,1760841530,0,cpp,1805465230,1760841186,0,cpp,1805453818
3519,S_Sarim,S_Sarim,,,7,1760841530,US,1222,1760841530,0,java,1805465241,1760841153,0,java,1805452651
3520,kolanusarvajith,kolanusarvajith,,,7,1760841530,US,1222,1760841530,0,cpp,1805465247,1760841115,0,cpp,1805451320
3521,mohan_2579,mohan_2579,,,7,1760841531,US,1222,1760841531,0,java,1805465266,1760841232,0,java,1805455452
3522,VARSHA SWARAJ,Varsha_Swaraj,IN,India,7,1760841531,US,1222,1760841531,0,cpp,1805465270,1760841300,0,cpp,1805457736
3523,Anil,9YkxgFu5DH,IN,India,7,1760841531,US,1222,1760841531,0,cpp,1805465280,1760841182,0,cpp,1805453647
3524,GreenmanCL,GreenmanCL,,,7,1760841531,US,1222,1760841531,0,cpp,1805465287,1760841280,0,cpp,1805457024
3525,Kalpesh Shirsath,kalpeshshirsath11,,,7,1760841532,US,1222,1760841532,0,cpp,1805465295,1760841182,0,cpp,1805453651
3526,Veda_2709,Veda_2709,,,7,1760841533,US,1222,1760841533,0,python3,1805465320,1760841191,0,python3,1805453985
3527,kl2400030154,kl2400030154,,,7,1760841533,US,1222,1760841533,0,java,1805465332,1760841247,0,java,1805455977
3528,mishra_376,mishra_376,,,7,1760841533,US,1222,1760841533,0,cpp,1805465352,1760841120,0,cpp,1805451506
3529,MonisriR,MonisriR,,,7,1760841534,US,1222,1760841534,0,java,1805465364,1760841251,0,java,1805456071
3530,Aadi,elmengo,IN,India,7,1760841534,US,1222,1760841534,0,cpp,1805465372,1760841210,0,cpp,1805454673
3531,Canez,canez,,,7,1760841535,US,1222,1760841535,0,python3,1805465390,1760841164,0,python3,1805453021
3532,AbhishekMondal23,AbhishekMondal23,,,7,1760841537,US,1222,1760841537,0,cpp,1805465452,1760841185,0,cpp,1805453767
3533,sirivarshini4321,sirivarshini4321,,,7,1760841537,US,1222,1760841537,0,python3,1805465476,1760841212,0,python3,1805454767
3534,Naman_the_Ace,Naman_the_Ace,IN,India,7,1760841537,US,1222,1760841537,0,cpp,1805465485,1760841169,0,cpp,1805453197
3535,Ishu,I_s_h_u_,,,7,1760841538,US,1222,1760841538,0,cpp,1805465491,1760841183,0,cpp,1805453706
3536,Siva Krishna,SivaKrishna96,IN,India,7,1760841538,US,1222,1760841538,0,java,1805465509,1760841160,0,java,1805452887
3537,Mayank Choudhary,mayank1800,IN,India,7,1760841539,US,1222,1760841539,0,cpp,1805465518,1760841290,0,cpp,1805457399
3538,sandipgunale,sandipgunale,,,7,1760841539,US,1222,1760841539,0,java,1805465529,1760841213,0,java,1805454793
3539,Vansh Arora,vansharora03,,,7,1760841539,US,1222,1760841539,0,python3,1805465538,1760841217,0,python3,1805454934
3540,Jafar00,Jafar00,,,7,1760841540,US,1222,1760841540,0,cpp,1805465554,1760841212,0,cpp,1805454750
3541,Rithvik Balabhadra,brithvik0305,IN,India,7,1760841540,US,1222,1760841540,0,cpp,1805465567,1760841112,0,cpp,1805451255
3542,L A V Ramanuja,Ramanuja1545,IN,India,7,1760841541,US,1222,1760841541,0,cpp,1805465574,1760841141,0,cpp,1805452189
3543,Anshul Anand,anshulanand02,IN,India,7,1760841541,US,1222,1760841541,0,python3,1805465577,1760841161,0,python3,1805452907
3544,krishnamsgn,krishnamsgn,IN,India,7,1760841541,US,1222,1760841541,0,python3,1805465589,1760841092,0,python3,1805450748
3545,B1tByB1t_Zero,B1tByB1t_Zero,,,7,1760841541,US,1222,1760841541,0,cpp,1805465592,1760841240,0,cpp,1805455738
3546,stwik_back,stwik_1442005,,,7,1760841543,US,1222,1760841543,0,java,1805465647,1760841241,0,java,1805455767
3547,RunTimeTerror6646,RunTimeTerror6646,,,7,1760841543,US,1222,1760841543,0,python3,1805465654,1760841117,0,python3,1805451399
3548,Merge_sort001,Merge_sort001,,,7,1760841543,US,1222,1760841543,0,cpp,1805465659,1760841286,0,cpp,1805457262
3549,Ankit Kumar,ankitnsk178,IN,India,7,1760841544,US,1222,1760841544,0,cpp,1805465683,1760841119,0,cpp,1805451459
3550,23R01A67K2,23R01A67K2,,,7,1760841544,US,1222,1760841544,0,java,1805465692,1760841272,0,java,1805456764
3551,Vivek,Qtfc2QcH1t,,,7,1760841544,US,1222,1760841544,0,java,1805465695,1760841239,0,java,1805455691
3552,Rishikesh E,Rishikesh_E,IN,India,7,1760841545,US,1222,1760841545,0,java,1805465714,1760841166,0,java,1805453088
3553,mahatii,mahatii,,,7,1760841546,US,1222,1760841546,0,java,1805465725,1760841266,0,java,1805456561
3554,bvamshi,bvamshi,,,7,1760841546,US,1222,1760841546,0,cpp,1805465747,1760841296,0,cpp,1805457603
3555,omjadhav93,omjadhav93,,,7,1760841547,US,1222,1760841547,0,cpp,1805465774,1760841194,0,cpp,1805454099
3556,ARUN R S,2005arun,IN,India,7,1760841547,US,1222,1760841547,0,cpp,1805465775,1760841204,0,cpp,1805454463
3557,nagasaramvamsi,nagasaramvamsi,,,7,1760841548,US,1222,1760841548,0,java,1805465800,1760841171,0,java,1805453262
3558,ShreyasDharmatti,ShreyasDharmatti,,,7,1760841549,US,1222,1760841549,0,cpp,1805465821,1760841237,0,cpp,1805455615
3559,Ashi_Lucifer,user2756W,CA,Canada,7,1760841550,US,1222,1760841550,0,cpp,1805465844,1760841219,0,cpp,1805455027
3560,Atharv Gupta,thegreatestgupta2006,,,7,1760841550,US,1222,1760841550,0,cpp,1805465851,1760841207,0,cpp,1805454583
3561,Saketh Kumar,pskth,IN,India,7,1760841550,US,1222,1760841550,0,python3,1805465862,1760841113,0,python3,1805451280
3562,Deepaprakash Kasturiraman,locked_in_hell,IN,India,7,1760841550,US,1222,1760841550,0,cpp,1805465866,1760841224,0,cpp,1805455192
3563,Sudha J,j_sudha,IN,India,7,1760841551,US,1222,1760841551,0,cpp,1805465877,1760841337,0,cpp,1805458954
3564,nikhil4646s,nikhil4646s,,,7,1760841551,US,1222,1760841551,0,java,1805465883,1760841367,0,java,1805459936
3565,ravigod22,ravigod22,PE,Peru,7,1760841553,US,1222,1760841553,0,cpp,1805465945,1760841273,0,cpp,1805456788
3566,Amit Prasad Lal,ThisIsAmit,IN,India,7,1760841553,US,1222,1760841553,0,java,1805465950,1760841180,0,java,1805453592
3567,SHAILESH,coder_4112001,IN,India,7,1760841554,US,1222,1760841554,0,cpp,1805465968,1760841194,0,cpp,1805454093
3568,sairagam3XVli2,Sairagam_13,IN,India,7,1760841554,US,1222,1760841554,0,cpp,1805465985,1760841225,0,cpp,1805455201
3569,Shinchan,9KvN5W4KNi,,,7,1760841555,US,1222,1760841555,0,java,1805465996,1760841144,0,java,1805452290
3570,Vinamra,v4vinamra,IN,India,7,1760841555,US,1222,1760841555,0,java,1805466017,1760841128,0,java,1805451746
3571,sam_Coding,sam_Coding,,,7,1760841556,US,1222,1760841556,0,cpp,1805466033,1760841185,0,cpp,1805453762
3572,Qui2zical Mcclintockqwk,qui2zical-mcclintockqwk,,,7,1760841556,CN,1265,1760841556,0,python3,671746688,1760841293,0,python3,671745360
3573,Ares45,Nyx45,,,7,1760841557,US,1222,1760841557,0,cpp,1805466081,1760841131,0,cpp,1805451865
3574,Jasmita Vekariya,jasmitaVekariya,IN,India,7,1760841558,US,1222,1760841558,0,cpp,1805466108,1760841160,0,cpp,1805452868
3575,Sara_0705,Sara_0705,,,7,1760841559,US,1222,1760841559,0,cpp,1805466123,1760841195,0,cpp,1805454120
3576,Jayed Ansari,jayedansari34,IN,India,7,1760841559,US,1222,1760841559,0,java,1805466132,1760841158,0,java,1805452809
3577,merwin27,merwin27,,,7,1760841559,US,1222,1760841559,0,python,1805466138,1760841167,0,python,1805453129
3578,BHUVANESH G,bhuvanesh_g,IN,India,7,1760841559,US,1222,1760841259,1,java,1805456372,1760841095,0,java,1805450815
3579,Sangavi_Krishnan,Sangavi_Krishnan,,,7,1760841559,US,1222,1760841559,0,java,1805466153,1760841293,0,java,1805457476
3580,kishor07,kishor07,,,7,1760841560,US,1222,1760841560,0,java,1805466157,1760841235,0,java,1805455552
3581,Lucas,rayms,US,United States,7,1760841560,US,1222,1760841560,0,java,1805466161,1760841289,0,java,1805457337
3582,Ravinder Singh,Ravinder_codes,IN,India,7,1760841560,US,1222,1760841560,0,python3,1805466174,1760841193,0,python3,1805454045
3583,Harshal Dnyaneshwar Kolhe,Harshal0908,,,7,1760841560,US,1222,1760841560,0,java,1805466189,1760841328,0,java,1805458667
3584,KLU2300080217,KLU2300080217,,,7,1760841561,US,1222,1760841561,0,python3,1805466198,1760841209,0,python3,1805454659
3585,Thalluri Sai Lokesh,sai_lokesh_789,IN,India,7,1760841561,US,1222,1760841561,0,cpp,1805466200,1760841135,0,cpp,1805451982
3586,Aditya Bhusawale,bhusawaleadi75,IN,India,7,1760841562,US,1222,1760841562,0,cpp,1805466230,1760841128,0,cpp,1805451773
3587,champath,champath,,,7,1760841563,US,1222,1760841563,0,cpp,1805466251,1760841225,0,cpp,1805455203
3588,Pedamallu Umesh Gupta,SaiUmeshGupta,IN,India,7,1760841563,US,1222,1760841563,0,java,1805466252,1760841169,0,java,1805453183
3589,伊蕾娜official,youthful-i3rahmaguptacge,,中国,7,1760841564,CN,1265,1760841564,0,python3,671746727,1760841206,0,python3,671744859
3590,Harsh Vats,h_vats,,,7,1760841564,US,1222,1760841564,0,cpp,1805466303,1760841176,0,cpp,1805453431
3591,jhalakdhiman,jhalakdhiman,,,7,1760841565,US,1222,1760841565,0,cpp,1805466306,1760841207,0,cpp,1805454555
3592,AKSHAYA R,akshaaya_17,,,7,1760841565,US,1222,1760841565,0,python3,1805466315,1760841273,0,python3,1805456793
3593,Clarot,a5kmaqnqGR,,,7,1760841565,US,1222,1760841265,1,python3,1805456541,1760841059,0,python3,1805450196
3594,matrixxor,matrixxor,US,United States,7,1760841566,US,1222,1760841566,0,cpp,1805466357,1760841224,0,cpp,1805455193
3595,Chandana,chandanacheerla01,,,7,1760841566,US,1222,1760841566,0,java,1805466361,1760841245,0,java,1805455892
3596,saiabhiteja chepuri,saiabhiteja,IN,India,7,1760841566,US,1222,1760841566,0,cpp,1805466363,1760841304,0,cpp,1805457874
3597,adarsh9695,adarsh9695,,,7,1760841567,US,1222,1760841567,0,cpp,1805466375,1760841310,0,cpp,1805458077
3598,Tiger713,Tiger713,,,7,1760841567,US,1222,1760841567,0,java,1805466379,1760841291,0,java,1805457417
3599,HIRESHKUMARAN G,hiresh046,,,7,1760841567,US,1222,1760841567,0,python,1805466394,1760841306,0,python,1805457934
3600,Knowledge_is_Power,Knowledge_is_Power,,,7,1760841567,US,1222,1760841567,0,cpp,1805466395,1760841145,0,cpp,1805452352
3601,Tharun Sai Kumar Reddy,coder_accidental,IN,India,7,1760841568,US,1222,1760841568,0,java,1805466406,1760841269,0,java,1805456664
3602,SHRUTHI,Shruthi-T,IN,India,7,1760841568,US,1222,1760841568,0,python3,1805466410,1760841173,0,python3,1805453343
3603,not_known2810,not_known2810,,,7,1760841568,US,1222,1760841568,0,cpp,1805466434,1760841158,0,cpp,1805452812
3604,Yasaswini638,Yasaswini638,,,7,1760841568,US,1222,1760841568,0,java,1805466438,1760841281,0,java,1805457059
3605,Harini.B,Hariniz,,,7,1760841569,US,1222,1760841569,0,python,1805466466,1760841295,0,python,1805457577
3606,Prathyush Narwade,Prathyush04,IN,India,7,1760841570,US,1222,1760841570,0,java,1805466476,1760841198,0,java,1805454235
3607,ROACMS745,Alokchaudhary9,,,7,1760841570,US,1222,1760841570,0,cpp,1805466484,1760841192,0,cpp,1805454021
3608,Abhiraj Gautam,abhirajgautam28,IN,India,7,1760841570,US,1222,1760841570,0,python3,1805466504,1760841237,0,python3,1805455605
3609,Afra Fathima,Afrafathima,IN,India,7,1760841571,US,1222,1760841571,0,python3,1805466511,1760841293,0,python3,1805457502
3610,Abhinaya_kanuri,Abhinaya_kanuri,,,7,1760841571,US,1222,1760841571,0,java,1805466518,1760841199,0,java,1805454289
3611,Aradhya Gupta,0531_aradhya,IN,India,7,1760841571,US,1222,1760841571,0,java,1805466524,1760841306,0,java,1805457940
3612,dollyjain,dollyjain30,,,7,1760841572,US,1222,1760841572,0,cpp,1805466560,1760841308,0,cpp,1805458005
3613,Stephen Zhang,srzhang0,,,7,1760841572,US,1222,1760841272,0,cpp,1805456763,1760841108,1,cpp,1805451133
3614,Rohit Singh,RohitSingh_28,,,7,1760841573,US,1222,1760841573,0,cpp,1805466605,1760841231,0,cpp,1805455413
3615,箫骋,xiao-cheng-yip,,中国,7,1760841573,CN,1265,1760841573,0,cpp,671746771,1760841402,0,cpp,671745951
3616,Singidi_Devideepika,Singidi_Devideepika,,,7,1760841573,US,1222,1760841573,0,cpp,1805466608,1760841204,0,cpp,1805454467
3617,__Karunya__,__Karunya__,,,7,1760841574,US,1222,1760841574,0,cpp,1805466622,1760841213,0,cpp,1805454798
3618,Arise_24,gaurav_ghosh_2404,,,7,1760841574,US,1222,1760841574,0,cpp,1805466628,1760841341,0,cpp,1805459096
3619,Yogesh_Jaiswal98,Yogesh_Jaiswal98,,,7,1760841574,US,1222,1760841574,0,cpp,1805466638,1760841090,0,cpp,1805450702
3620,ayush_07,MECHANIC_07,IN,India,7,1760841575,US,1222,1760841575,0,cpp,1805466656,1760841198,0,cpp,1805454250
3621,ritesh jagtap,jagtapritesh06,IN,India,7,1760841575,US,1222,1760841575,0,cpp,1805466690,1760841173,0,cpp,1805453340
3622,Kartikey Mishra,Kartikey312,IN,India,7,1760841576,US,1222,1760841576,0,cpp,1805466713,1760841252,0,cpp,1805456115
3623,Ashwini kumar,Ashwinikumar67,,,7,1760841577,US,1222,1760841577,0,cpp,1805466729,1760841176,0,cpp,1805453427
3624,chintalapudi_rohit,chintalapudi_rohit,IN,India,7,1760841577,US,1222,1760841577,0,cpp,1805466747,1760841233,0,cpp,1805455478
3625,Rahul Arora,rahul-arora4034,,,7,1760841578,US,1222,1760841578,0,cpp,1805466761,1760841223,0,cpp,1805455152
3626,Sohel Sheikh,sohelshk7,IN,India,7,1760841579,US,1222,1760841579,0,cpp,1805466782,1760841254,0,cpp,1805456201
3627,G_Bhadra,G_Bhadra,,,7,1760841579,US,1222,1760841579,0,cpp,1805466783,1760841086,0,cpp,1805450620
3628,arpitgupt435,arpitgupt435,,,7,1760841579,US,1222,1760841579,0,cpp,1805466791,1760841362,0,cpp,1805459792
3629,ashwanth15,ashwanth15,IN,India,7,1760841579,US,1222,1760841579,0,cpp,1805466792,1760841290,0,cpp,1805457404
3630,Uday Dandekar,w2MsuZh0n3,IN,India,7,1760841579,US,1222,1760841579,0,java,1805466803,1760841241,0,java,1805455763
3631,Anusha,anusha266,IN,India,7,1760841579,US,1222,1760841579,0,python3,1805466810,1760841178,0,python3,1805453529
3632,ANG_GAO,angq,,中国,7,1760841580,CN,1265,1760841580,0,python3,671746814,1760841106,0,python3,671744191
3633,harsha_143,harsha_112,IN,India,7,1760841581,US,1222,1760841581,0,cpp,1805466869,1760841099,0,cpp,1805450895
3634,Unknown,Unknown_23,IN,India,7,1760841581,US,1222,1760841581,0,python3,1805466873,1760841147,0,python3,1805452418
3635,Ainala_Vasanth_kumar,Ainala_Vasanth_kumar,,,7,1760841582,US,1222,1760841582,0,java,1805466902,1760841200,0,java,1805454310
3636,Neil Shen,neil1373,TW,Taiwan,7,1760841583,US,1222,1760841583,0,cpp,1805466934,1760841148,0,cpp,1805452441
3637,Ghanshyam Mandal,shyam092,IN,India,7,1760841584,US,1222,1760841584,0,cpp,1805466949,1760841194,0,cpp,1805454086
3638,Varun_656,Varun_656,,,7,1760841584,US,1222,1760841584,0,cpp,1805466954,1760841172,0,cpp,1805453305
3639,Kyle Chiu,picklesheah,,,7,1760841584,US,1222,1760841584,0,python3,1805466959,1760841052,0,python3,1805450138
3640,Pranab Barman,bpranab629,IN,India,7,1760841585,US,1222,1760841585,0,cpp,1805467000,1760841187,0,cpp,1805453852
3641,Pratikumap,Pratikumap,,,7,1760841586,US,1222,1760841586,0,java,1805467022,1760841280,0,java,1805457025
3642,jeeva_06,jeeva_cit,,,7,1760841586,US,1222,1760841586,0,cpp,1805467025,1760841338,0,cpp,1805459013
3643,AdityaPandey1368,AdityaPandey1368,,,7,1760841586,US,1222,1760841586,0,java,1805467027,1760841154,0,java,1805452673
3644,bannukun2,bannukun2,,,7,1760841586,US,1222,1760841586,0,cpp,1805467029,1760841117,0,cpp,1805451381
3645,ASHFAQ-AHAMED-A,ASHFAQ-AHAMED-A,,,7,1760841587,US,1222,1760841587,0,cpp,1805467043,1760841162,0,cpp,1805452943
3646,Anooj Shete,anoojshete,IN,India,7,1760841587,US,1222,1760841587,0,cpp,1805467045,1760841131,0,cpp,1805451846
3647,nitish1507,nitish1507,,,7,1760841587,US,1222,1760841587,0,cpp,1805467048,1760841213,0,cpp,1805454819
3648,Yash1219,Yash1219,,,7,1760841587,US,1222,1760841587,0,cpp,1805467050,1760841144,0,cpp,1805452274
3649,AMOGH KAWATHALKAR,Amogh_K8,IN,India,7,1760841587,US,1222,1760841587,0,cpp,1805467057,1760841378,0,cpp,1805460310
3650,Damerla_Anand,D_Anand_2005,IN,India,7,1760841587,US,1222,1760841587,0,java,1805467060,1760841393,0,java,1805460849
3651,shek_abhi_2001,shek_abhi_2001,,,7,1760841588,US,1222,1760841588,0,cpp,1805467076,1760841247,0,cpp,1805455975
3652,Sourabh Raghuwanshi,_shyam_15_,,,7,1760841588,US,1222,1760841588,0,cpp,1805467078,1760841242,0,cpp,1805455792
3653,Ian Gabriel Hakanson,gabian,AR,Argentina,7,1760841588,US,1222,1760841588,0,cpp,1805467088,1760841245,0,cpp,1805455884
3654,itskkirran,itskkirran,,,7,1760841588,US,1222,1760841588,0,python3,1805467094,1760841181,0,python3,1805453620
3655,AnishKer,AnishKer,IN,India,7,1760841588,US,1222,1760841588,0,cpp,1805467095,1760841215,0,cpp,1805454866
3656,Hoormala,Hoormala,,,7,1760841589,US,1222,1760841589,0,java,1805467107,1760841201,0,java,1805454355
3657,1500,1500,,,7,1760841589,US,1222,1760841589,0,cpp,1805467119,1760841181,0,cpp,1805453629
3658,sakai,anirudhaiysola,,,7,1760841590,US,1222,1760841590,0,cpp,1805467133,1760841240,0,cpp,1805455723
3659,Saloni-Rai,Saloni-Rai,,,7,1760841590,US,1222,1760841590,0,cpp,1805467136,1760841143,0,cpp,1805452246
3660,BhanuMurari,BhanuMurari,,,7,1760841590,US,1222,1760841590,0,cpp,1805467141,1760841127,0,cpp,1805451743
3661,Jatin Yadav,redr0b0t,IN,India,7,1760841590,US,1222,1760841590,0,python3,1805467143,1760841109,0,python3,1805451166
3662,nisarg patel,1rcLaPRWCC,,,7,1760841591,US,1222,1760841591,0,cpp,1805467168,1760841229,0,cpp,1805455351
3663,hruthik733,hruthik733,,,7,1760841591,US,1222,1760841591,0,python3,1805467170,1760841298,0,python3,1805457684
3664,Kunjeti Jaswanth,jaswanth_09,IN,India,7,1760841593,US,1222,1760841593,0,cpp,1805467223,1760841146,0,cpp,1805452378
3665,Preyans Raval,warrior_code,IN,India,7,1760841593,US,1222,1760841593,0,cpp,1805467241,1760841285,0,cpp,1805457210
3666,Akshay,akshayreddy685,US,United States,7,1760841594,US,1222,1760841594,0,python3,1805467256,1760841122,0,python3,1805451585
3667,Deepak Verma,Vermadeepakd1,IN,India,7,1760841594,US,1222,1760841594,0,cpp,1805467259,1760841166,0,cpp,1805453089
3668,suhani,AGf2rJQGbX,,,7,1760841594,US,1222,1760841594,0,python3,1805467260,1760841242,0,python3,1805455776
3669,Kavish_Vachheta,Kj31fmMiYT,,,7,1760841595,US,1222,1760841595,0,cpp,1805467288,1760841087,0,cpp,1805450637
3670,Aashika_B,Aashika_B,,,7,1760841595,US,1222,1760841595,0,python3,1805467291,1760841312,0,python3,1805458126
3671,SANJAY -V-G,SANJAY-V-G,IN,India,7,1760841595,US,1222,1760841595,0,python3,1805467299,1760841148,0,python3,1805452447
3672,Darshii,Darshii,,,7,1760841595,US,1222,1760841595,0,python3,1805467306,1760841227,0,python3,1805455274
3673,Sainandan Mannepalli,sainandan205,,,7,1760841595,US,1222,1760841595,0,java,1805467307,1760841238,0,java,1805455651
3674,Sushil Raj,sushilraj,,,7,1760841596,US,1222,1760841596,0,cpp,1805467314,1760841291,0,cpp,1805457431
3675,Dhruv Gupta,Dhruv_036,IN,India,7,1760841596,US,1222,1760841596,0,cpp,1805467318,1760841389,0,cpp,1805460686
3676,Yash Patade,YashPatade356,IN,India,7,1760841596,US,1222,1760841596,0,cpp,1805467325,1760841206,0,cpp,1805454528
3677,Vaibhav Nirmal,VaibhAv08,IN,India,7,1760841596,US,1222,1760841596,0,cpp,1805467330,1760841272,0,cpp,1805456782
3678,Fallen Angel,angelcaido666,,,7,1760841596,US,1222,1760841596,0,cpp,1805467335,1760841112,0,cpp,1805451264
3679,Sriram,Meka_Sriram,,,7,1760841597,US,1222,1760841597,0,java,1805467344,1760841232,0,java,1805455450
3680,归,angry-haibtys4,,,7,1760841597,CN,1265,1760841597,0,javascript,671746894,1760841351,0,javascript,671745665
3681,Nagmani Kumar,nagmanikumar033,,,7,1760841598,US,1222,1760841598,0,cpp,1805467376,1760841195,0,cpp,1805454116
3682,Ashish Bhardwaj,codeneverlies_91,IN,India,7,1760841598,US,1222,1760841414,0,cpp,1805461557,1760841598,0,cpp,1805467382
3683,Harish Narasimhan K,Harish_Narasimhan_K,IN,India,7,1760841598,US,1222,1760841598,0,python3,1805467386,1760841156,0,python3,1805452733
3684,Gaurav_ss0809,Gaurav_ss0809,,,7,1760841599,US,1222,1760841599,0,cpp,1805467408,1760841223,0,cpp,1805455148
3685,Jitendra Mosulpuri,Jitendra_Mosulpuri,IN,India,7,1760841599,US,1222,1760841599,0,cpp,1805467414,1760841259,0,cpp,1805456357
3686,Tanishq_Reddy,Tanishq_Reddy,,,7,1760841599,US,1222,1760841599,0,python3,1805467432,1760841196,0,python3,1805454189
3687,chidanand_gowda,chidanand_gowda,,,7,1760841599,US,1222,1760841599,0,cpp,1805467436,1760841186,0,cpp,1805453794
3688,coder_7777,code_777,,,7,1760841600,US,1222,1760841600,0,python3,1805467458,1760841084,0,python3,1805450565
3689,Abishek,ryoUaQAKNN,IN,India,7,1760841601,US,1222,1760841601,0,java,1805467472,1760841240,0,java,1805455715
3690,Deku,deku007,IN,India,7,1760841601,US,1222,1760841601,0,cpp,1805467479,1760841168,0,cpp,1805453140
3691,Amy Liu,Amy_21,,,7,1760841601,US,1222,1760841601,0,python,1805467485,1760841101,0,python,1805450963
3692,Pragati Agrahari,pragati_0904,IN,India,7,1760841601,US,1222,1760841601,0,java,1805467488,1760841269,0,java,1805456674
3693,xingxie,gcc-i0,,,7,1760841601,CN,1265,1760841601,0,cpp,671746907,1760841248,0,cpp,671745112
3694,darshit khandelwal,darshit2308,IN,India,7,1760841602,US,1222,1760841302,1,cpp,1805457803,1760841086,0,cpp,1805450612
3695,Yaswanth C,Yaswanthc,IN,India,7,1760841602,US,1222,1760841602,0,cpp,1805467532,1760841167,0,cpp,1805453121
3696,Goutham Reddy,_Goutham_Reddy,IN,India,7,1760841602,US,1222,1760841302,0,cpp,1805457810,1760841169,1,cpp,1805453186
3697,Divyansh_Bhuria,Divyansh_Bhuria,IN,India,7,1760841602,US,1222,1760841602,0,cpp,1805467543,1760841145,0,cpp,1805452337
3698,leenatiwari,leenatiwari,IN,India,7,1760841602,US,1222,1760841602,0,java,1805467549,1760841254,0,java,1805456195
3699,VISHWAJEET,Vishwajeet_Javanjal,,,7,1760841602,US,1222,1760841602,0,java,1805467550,1760841287,0,java,1805457299
3700,Gokhulnath,GokhulnathJ,IN,India,7,1760841603,US,1222,1760841603,0,python3,1805467553,1760841146,0,python3,1805452373
3701,Naaveeen,Naaveeen,,,7,1760841603,US,1222,1760841603,0,java,1805467560,1760841208,0,java,1805454593
3702,Lakshya0808,Lakshya0808,,,7,1760841603,US,1222,1760841603,0,java,1805467567,1760841152,0,java,1805452612
3703,SANTHOSHKUMAR S,Santhoshkumar_555,IN,India,7,1760841604,US,1222,1760841604,0,cpp,1805467590,1760841108,0,cpp,1805451143
3704,Pradeep Modak,PradeepModak026,IN,India,7,1760841604,US,1222,1760841604,0,cpp,1805467602,1760841142,0,cpp,1805452207
3705,himanshu_ranjan76579,himanshu_ranjan23145,,,7,1760841604,US,1222,1760841604,0,cpp,1805467612,1760841117,0,cpp,1805451382
3706,anuragapple11,anuragapple11,,,7,1760841605,US,1222,1760841605,0,java,1805467615,1760841144,0,java,1805452286
3707,VignayReddy,Vignay_121,IN,India,7,1760841606,US,1222,1760841606,0,python3,1805467648,1760841088,0,python3,1805450655
3708,yavanikanukala,yavanikanukala,IN,India,7,1760841607,US,1222,1760841607,0,java,1805467671,1760841186,0,java,1805453805
3709,t4DrQgeOUBbsTKla,t4DrQgeOUB,,,7,1760841608,US,1222,1760841608,0,java,1805467704,1760841254,0,java,1805456210
3710,Henry,henrylijunjia,CA,Canada,7,1760841608,US,1222,1760841308,0,cpp,1805458013,1760841148,1,cpp,1805452440
3711,Anishka,anishka1512,,,7,1760841608,US,1222,1760841608,0,java,1805467715,1760841247,0,java,1805455954
3712,Surendhar10,Surendhar10,,,7,1760841609,US,1222,1760841609,0,java,1805467722,1760841280,0,java,1805457028
3713,Peethambari123,Peethambari123,,,7,1760841609,US,1222,1760841609,0,python3,1805467732,1760841202,0,python3,1805454382
3714,Dheeraj Soma,soma-dheeraj,,,7,1760841609,US,1222,1760841609,0,python3,1805467740,1760841203,0,python3,1805454410
3715,KUNAL CHOURE,KUNAL_CHOURE,IN,India,7,1760841610,US,1222,1760841610,0,cpp,1805467748,1760841183,0,cpp,1805453694
3716,SpeedyDuc,SpeedyDuc,,,7,1760841610,US,1222,1760841610,0,python3,1805467765,1760841209,0,python3,1805454640
3717,Vishwajeet Tripathi,v6wjt,,,7,1760841610,US,1222,1760841310,1,cpp,1805458093,1760841122,0,cpp,1805451571
3718,Ishanbagra,ishanbagra,IN,India,7,1760841611,US,1222,1760841611,0,cpp,1805467787,1760841164,0,cpp,1805453007
3719,Nishant_Jaiswal,Nishant_Jaiswal,,,7,1760841611,US,1222,1760841611,0,cpp,1805467790,1760841288,0,cpp,1805457334
3720,KUSHAGRA GUPTA,kush788,IN,India,7,1760841611,US,1222,1760841611,0,java,1805467805,1760841249,0,java,1805456023
3721,rishabhtiwari2421,rishabhtiwari2421,,,7,1760841612,US,1222,1760841612,0,cpp,1805467811,1760841324,0,cpp,1805458545
3722,LeoStyleDota2,LeoStyleDota2,PE,Peru,7,1760841612,US,1222,1760841612,0,cpp,1805467816,1760841171,0,cpp,1805453256
3723,Vedant Neve,0bVdnt,,,7,1760841613,US,1222,1760841613,0,cpp,1805467841,1760841247,0,cpp,1805455969
3724,gitansh_gilhotra,gitansh_gilhotra,,,7,1760841613,US,1222,1760841613,0,cpp,1805467845,1760841405,0,cpp,1805461247
3725,LjpoZKYlnz,LjpoZKYlnz,,,7,1760841614,US,1222,1760841614,0,cpp,1805467871,1760841278,0,cpp,1805456978
3726,Dev Harsh,xNU8zaLyck,,,7,1760841614,US,1222,1760841614,0,java,1805467882,1760841145,0,java,1805452328
3727,Vedant Nigam,nigamvedant,IN,India,7,1760841615,US,1222,1760841615,0,cpp,1805467894,1760841143,0,cpp,1805452260
3728,Sword-of-the-Morning,Sword-of-the-Morning,,,7,1760841615,US,1222,1760841315,0,cpp,1805458276,1760841138,1,cpp,1805452076
3729,Shagnik Sarkar,shagnik2704,IN,India,7,1760841616,US,1222,1760841616,0,cpp,1805467918,1760841425,0,cpp,1805461884
3730,NavadeepKandre,NavadeepKandre,,,7,1760841616,US,1222,1760841616,0,cpp,1805467947,1760841310,0,cpp,1805458078
3731,Harsha Kuchi,harshakuchi,IN,India,7,1760841617,US,1222,1760841617,0,cpp,1805467959,1760841305,0,cpp,1805457899
3732,Garvit Jain,garvit_jain02,IN,India,7,1760841617,US,1222,1760841617,0,cpp,1805467962,1760841165,0,cpp,1805453043
3733,Kryolix,Kryolix,,,7,1760841617,US,1222,1760841617,0,cpp,1805467972,1760841257,0,cpp,1805456306
3734,hasyseth,yashseth391,IN,India,7,1760841618,US,1222,1760841618,0,javascript,1805468002,1760841146,0,javascript,1805452358
3735,Yaswanth Kalla,yaswanthkalla4444,,,7,1760841619,US,1222,1760841619,0,java,1805468010,1760841125,0,java,1805451665
3736,ShivamGhosh,ShivamGhosh,,,7,1760841619,US,1222,1760841319,1,cpp,1805458401,1760841082,0,cpp,1805450534
3737,VBM,Vidishab,US,United States,7,1760841620,US,1222,1760841620,0,cpp,1805468054,1760841120,0,cpp,1805451499
3738,Saisidhartha Paidi,sidharthapaidi,IN,India,7,1760841621,US,1222,1760841621,0,java,1805468097,1760841295,0,java,1805457564
3739,Ganesh Dandekar,ganesh_dandekar,IN,India,7,1760841621,US,1222,1760841621,0,java,1805468098,1760841173,0,java,1805453323
3740,Menda Saiteja,saiteja43,IN,India,7,1760841622,US,1222,1760841622,0,java,1805468107,1760841229,0,java,1805455325
3741,Roshan Gupta,codiyaapaa,IN,India,7,1760841622,US,1222,1760841622,0,cpp,1805468110,1760841171,0,cpp,1805453247
3742,Tanay Umre,TANAY_UMRE,IN,India,7,1760841623,US,1222,1760841623,0,cpp,1805468132,1760841231,0,cpp,1805455402
3743,Baibhab Sarkar,baibhab66,IN,India,7,1760841623,US,1222,1760841623,0,java,1805468165,1760841362,0,java,1805459804
3744,Rajiv Singh,rajivrajput2005,IN,India,7,1760841624,US,1222,1760841624,0,java,1805468174,1760841258,0,java,1805456346
3745,madhu-18,madhu-18,,,7,1760841624,US,1222,1760841624,0,python3,1805468181,1760841402,0,python3,1805461145
3746,Surendra,Surendra_28,IN,India,7,1760841624,US,1222,1760841624,0,cpp,1805468183,1760841192,0,cpp,1805454041
3747,kalp patel,kalppatel,IN,India,7,1760841625,US,1222,1760841625,0,cpp,1805468202,1760841435,0,cpp,1805462237
3748,Vignesh,sreevignesh27,IN,India,7,1760841625,US,1222,1760841625,0,cpp,1805468214,1760841124,0,cpp,1805451632
3749,Ayush,AyushMaurya,IN,India,7,1760841625,US,1222,1760841625,0,java,1805468220,1760841304,0,java,1805457876
3750,Hemang04,Hemang04,IN,India,7,1760841625,US,1222,1760841625,0,cpp,1805468228,1760841373,0,cpp,1805460148
3751,yk_Codes,user_ykCode,IN,India,7,1760841625,US,1222,1760841625,0,cpp,1805468233,1760841189,0,cpp,1805453926
3752,chetansatvik_18,chetansatvik_18,,,7,1760841626,US,1222,1760841626,0,java,1805468237,1760841445,0,java,1805462624
3753,di_pal,di_pal,IN,India,7,1760841627,US,1222,1760841627,0,cpp,1805468276,1760841210,0,cpp,1805454695
3754,Jeet0105,Jeet0105,IN,India,7,1760841628,US,1222,1760841628,0,java,1805468298,1760841456,0,java,1805462968
3755,Pravallika Dhurbhakula,dpravallika_11,,,7,1760841629,US,1222,1760841629,0,java,1805468317,1760841312,0,java,1805458129
3756,isatyambhatt,isatyambhatt,,,7,1760841630,US,1222,1760841630,0,cpp,1805468352,1760841298,0,cpp,1805457664
3757,omkarmande,omkarmande,,,7,1760841630,US,1222,1760841630,0,cpp,1805468363,1760841165,0,cpp,1805453050
3758,Ritesh Mohapatra,ritesh_3822,IN,India,7,1760841631,US,1222,1760841631,0,java,1805468369,1760841356,0,java,1805459615
3759,Rohit Chopra,Rohit_Chopra43590,IN,India,7,1760841631,US,1222,1760841631,0,cpp,1805468382,1760841286,0,cpp,1805457266
3760,raghunath_09,raghunath_09,IN,India,7,1760841631,US,1222,1760841631,0,java,1805468387,1760841277,0,java,1805456939
3761,Paila Karthik,pailakarthik,IN,India,7,1760841631,US,1222,1760841631,0,python3,1805468390,1760841086,0,python3,1805450614
3762,Shreyash Shukla,ShreyashXP,,,7,1760841631,US,1222,1760841631,0,cpp,1805468396,1760841175,0,cpp,1805453422
3763,Jerry Zhu,jiqingjerry,US,United States,7,1760841631,US,1222,1760841631,0,python3,1805468399,1760841115,0,python3,1805451340
3764,mizuno kaze,mizunokaze114514,TW,Taiwan,7,1760841631,US,1222,1760841631,0,python3,1805468405,1760841486,0,python3,1805463904
3765,Akhilesh,t_akhilesh_014,,,7,1760841632,US,1222,1760841632,0,java,1805468408,1760841318,0,java,1805458358
3766,mukeshbiknalikar,mukeshbiknalikar,,,7,1760841632,US,1222,1760841632,0,cpp,1805468415,1760841204,0,cpp,1805454449
3767,surya,SPK_0001,IN,India,7,1760841632,US,1222,1760841632,0,cpp,1805468422,1760841103,0,cpp,1805451018
3768,cccc,coffeechetansi,,,7,1760841632,US,1222,1760841632,0,cpp,1805468423,1760841379,0,cpp,1805460329
3769,ぼっち,botsuchi-n,,,7,1760841632,CN,1265,1760841632,0,cpp,671747045,1760841204,0,cpp,671744848
3770,Kishor T,Kishor404,IN,India,7,1760841632,US,1222,1760841632,0,python3,1805468433,1760841443,0,python3,1805462527
3771,CSris,CSris,,,7,1760841632,US,1222,1760841632,0,python3,1805468440,1760841091,0,python3,1805450712
3772,LokendraSinghRathore,rO3Y9jRVfG,IN,India,7,1760841633,US,1222,1760841633,0,python3,1805468446,1760841360,0,python3,1805459717
3773,henry9955,henry9955,,,7,1760841633,US,1222,1760841633,0,cpp,1805468460,1760841223,0,cpp,1805455151
3774,Gursewak4343,Gursewak4343,,,7,1760841634,US,1222,1760841634,0,golang,1805468477,1760841176,0,golang,1805453438
3775,kevvchen,kevvchen,,,7,1760841634,US,1222,1760841634,0,python3,1805468479,1760841209,0,python3,1805454653
3776,shayaradi,shayaradi,,,7,1760841634,US,1222,1760841634,0,java,1805468482,1760841338,0,java,1805458981
3777,Prem Swaroop,klu2300031719,IN,India,7,1760841634,US,1222,1760841634,0,java,1805468500,1760841440,0,java,1805462412
3778,星殇丶淡淡,zen-kowalevski10r,,中国,7,1760841634,CN,1265,1760841634,0,cpp,671747055,1760841141,0,cpp,671744417
3779,Suraj Gunjal,SurajGunjal,IN,India,7,1760841635,US,1222,1760841635,0,java,1805468525,1760841204,0,java,1805454483
3780,Dev Sharma,giga_dummy,IN,India,7,1760841636,US,1222,1760841636,0,cpp,1805468539,1760841128,0,cpp,1805451762
3781,Judas,chintsai,,,7,1760841636,CN,1265,1760841336,0,cpp,671745582,1760841156,1,cpp,671744521
3782,Amrutha_59,Amrutha_59,,,7,1760841637,US,1222,1760841637,0,java,1805468564,1760841305,0,java,1805457921
3783,Nitesh kumar jha,Nitesh-kumar-jha,IN,India,7,1760841638,US,1222,1760841638,0,cpp,1805468594,1760841146,0,cpp,1805452388
3784,Samarth Mayya,samarthmayya,IN,India,7,1760841638,US,1222,1760841638,0,cpp,1805468598,1760841332,0,cpp,1805458795
3785,Divyansh Rajput,DivyanshRajputMITS,IN,India,7,1760841638,US,1222,1760841338,0,cpp,1805458998,1760841143,1,cpp,1805452251
3786,宇宙尽头的普瑞赛斯,naughty-lamarrswg,,中国,7,1760841638,CN,1265,1760841638,0,python3,671747073,1760841427,0,python3,671746073
3787,Anshika Kesari,02anshika_,IN,India,7,1760841639,US,1222,1760841639,0,cpp,1805468629,1760841120,0,cpp,1805451501
3788,Abhishek Kumar,dvmnabhi,,,7,1760841639,US,1222,1760841639,0,java,1805468635,1760841251,0,java,1805456084
3789,Mokshagnateja Karumudi,5LeB1lMHgH,IN,India,7,1760841639,US,1222,1760841639,0,ruby,1805468640,1760841479,0,ruby,1805463682
3790,Utkarsh Gupta,UtkarshGupta3125,,,7,1760841639,US,1222,1760841639,0,cpp,1805468662,1760841278,0,cpp,1805456986
3791,syamprasadsomula,syamprasad999,,,7,1760841640,US,1222,1760841640,0,cpp,1805468665,1760841388,0,cpp,1805460649
3792,Prasanjit Mishra,CodeWithMishra,,,7,1760841640,US,1222,1760841640,0,java,1805468670,1760841121,0,java,1805451547
3793,krishna nand mishra,coderkrishna07mishra,IN,India,7,1760841640,US,1222,1760841640,0,cpp,1805468688,1760841149,0,cpp,1805452481
3794,Shreyas Landge,shreyaspro07,,,7,1760841640,US,1222,1760841640,0,java,1805468693,1760841199,0,java,1805454276
3795,Muthuraj14,yGeSY2Kfb2,IN,India,7,1760841641,US,1222,1760841641,0,python3,1805468697,1760841412,0,python3,1805461489
3796,Pranav Kumar,Pran2536,IN,India,7,1760841641,US,1222,1760841641,0,cpp,1805468702,1760841159,0,cpp,1805452858
3797,natty_you,natty_you,,,7,1760841641,US,1222,1760841641,0,cpp,1805468721,1760841178,0,cpp,1805453521
3798,Amit Kumar,AK_47_369,IN,India,7,1760841642,US,1222,1760841642,0,cpp,1805468734,1760841205,0,cpp,1805454501
3799,Mani_2318,Mani_2318,,,7,1760841642,US,1222,1760841642,0,python3,1805468738,1760841239,0,python3,1805455679
3800,Aditya Rajput,adi_rajput,,,7,1760841642,US,1222,1760841642,0,cpp,1805468749,1760841416,0,cpp,1805461603
3801,BitbyBit101,BitbyBit101,,,7,1760841643,US,1222,1760841643,0,java,1805468764,1760841108,0,java,1805451154
3802,Mradul Patle,mradulpatle,IN,India,7,1760841643,US,1222,1760841643,0,cpp,1805468766,1760841159,0,cpp,1805452829
3803,Yatin,__YAtin04,,,7,1760841644,US,1222,1760841644,0,cpp,1805468797,1760841209,0,cpp,1805454631
3804,rajeevreddy_j,rajeevreddy_j,,,7,1760841644,US,1222,1760841644,0,cpp,1805468813,1760841169,0,cpp,1805453179
3805,Ushmita Dutta,Ushmita,IN,India,7,1760841644,US,1222,1760841644,0,cpp,1805468818,1760841343,0,cpp,1805459180
3806,Spidy,shivarao1452004,IN,India,7,1760841645,US,1222,1760841645,0,java,1805468831,1760841160,0,java,1805452890
3807,SAYAN SAMANTA,SAYANSAMANTA05,IN,India,7,1760841645,US,1222,1760841345,0,cpp,1805459253,1760841177,1,cpp,1805453499
3808,Akash Kumar,code_akash28,,,7,1760841646,US,1222,1760841646,0,cpp,1805468861,1760841198,0,cpp,1805454252
3809,RushikeshIche,SpyRush,IN,India,7,1760841646,US,1222,1760841646,0,cpp,1805468863,1760841281,0,cpp,1805457067
3810,Yoppop23,Yoppop23,,,7,1760841647,US,1222,1760841647,0,cpp,1805468880,1760841240,0,cpp,1805455736
3811,Daniel Cheung,DanielHCheung,US,United States,7,1760841647,US,1222,1760841647,0,python3,1805468906,1760841090,0,python3,1805450697
3812,Dhiraj Shah,dhirajsanjayshah,US,United States,7,1760841649,US,1222,1760841649,0,python3,1805468943,1760841245,0,python3,1805455896
3813,naveenkumar_cit,naveenkumar_2007,IN,India,7,1760841649,US,1222,1760841649,0,python3,1805468945,1760841150,0,python3,1805452550
3814,Surbhi,Surbhi012,IN,India,7,1760841649,US,1222,1760841649,0,cpp,1805468949,1760841152,0,cpp,1805452622
3815,theFakeOne,theFakeOne,,,7,1760841649,US,1222,1760841649,0,cpp,1805468954,1760841482,0,cpp,1805463767
3816,N_Jathin,N_Jathin,,,7,1760841649,US,1222,1760841649,0,python3,1805468968,1760841385,0,python3,1805460537
3817,Yash Ambodekar,Yash_Ambodekar,IN,India,7,1760841650,US,1222,1760841650,0,java,1805468971,1760841190,0,java,1805453965
3818,Akshaya,aksss03,IN,India,7,1760841650,US,1222,1760841650,0,cpp,1805468974,1760841257,0,cpp,1805456305
3819,Berry Cruise,BerryCruise,,,7,1760841650,US,1222,1760841350,0,java,1805459423,1760841117,1,java,1805451413
3820,setti manoj,setti_manoj,,,7,1760841650,US,1222,1760841650,0,java,1805468984,1760841193,0,java,1805454075
3821,kapil-bool,kapil-bool,IN,India,7,1760841651,US,1222,1760841651,0,cpp,1805469014,1760841153,0,cpp,1805452636
3822,Sirivallika_746lbyAR5,Sirivallika_746,,,7,1760841651,US,1222,1760841651,0,java,1805469029,1760841381,0,java,1805460424
3823,Lepakshi_kalyan,Lepakshi_kalyan,,,7,1760841651,US,1222,1760841651,0,cpp,1805469042,1760841156,0,cpp,1805452747
3824,Kishore Kancherla,kishore881,,,7,1760841652,US,1222,1760841652,0,cpp,1805469069,1760841217,0,cpp,1805454948
3825,Gaurav,NovaVoyager_racetogettop,IN,India,7,1760841653,US,1222,1760841653,0,java,1805469094,1760841172,0,java,1805453293
3826,ABHISHEK_GUPTA_1234,ABHISHEK_GUPTA_1234,IN,India,7,1760841654,US,1222,1760841654,0,cpp,1805469109,1760841290,0,cpp,1805457396
3827,Abhishek,hnf3nEkLMO,IN,India,7,1760841654,US,1222,1760841654,0,cpp,1805469113,1760841180,0,cpp,1805453583
3828,Shruti Gawali,devaa51,,,7,1760841655,US,1222,1760841655,0,java,1805469145,1760841353,0,java,1805459519
3829,Amal T Vinod,amal_t,,,7,1760841655,US,1222,1760841655,0,cpp,1805469146,1760841125,0,cpp,1805451663
3830,Abhishek Vats,VirusAV,,,7,1760841656,US,1222,1760841656,0,cpp,1805469161,1760841227,0,cpp,1805455267
3831,preethikapenta,preethikapenta,,,7,1760841656,US,1222,1760841656,0,java,1805469183,1760841208,0,java,1805454587
3832,KLatitude,klatitude,,中国,7,1760841657,CN,1265,1760841657,0,cpp,671747159,1760841451,0,cpp,671746198
3833,Indhrani_P,Indhrani_P,,,7,1760841657,US,1222,1760841657,0,python3,1805469201,1760841541,0,python3,1805465593
3834,ramakrishnamrk,ramakrishnamrk,IN,India,7,1760841657,US,1222,1760841657,0,java,1805469203,1760841207,0,java,1805454585
3835,chinnu_veena,chinnu_veena,IN,India,7,1760841657,US,1222,1760841657,0,python,1805469219,1760841368,0,python,1805459958
3836,pratheek117,pratheek117,IN,India,7,1760841658,US,1222,1760841658,0,java,1805469235,1760841360,0,java,1805459725
3837,NILESH91717,NILESH91717,IN,India,7,1760841658,US,1222,1760841658,0,cpp,1805469237,1760841201,0,cpp,1805454358
3838,Phi Nguyen,ita93,SG,Singapore,7,1760841658,US,1222,1760841658,0,cpp,1805469242,1760841176,0,cpp,1805453447
3839,Piyush Kumar,piyush_522006,,,7,1760841658,US,1222,1760841658,0,cpp,1805469246,1760841133,0,cpp,1805451930
3840,Yup,Oking1,,,7,1760841659,US,1222,1760841359,1,cpp,1805459693,1760841100,0,cpp,1805450924
3841,venkat csc,venkat5,,,7,1760841660,US,1222,1760841660,0,kotlin,1805469292,1760841245,0,kotlin,1805455897
3842,Charles Issac newton,charlesissacnewton,,,7,1760841660,US,1222,1760841660,0,java,1805469300,1760841224,0,java,1805455188
3843,Anmol7095,Anmol7095,,,7,1760841660,US,1222,1760841660,0,cpp,1805469302,1760841276,0,cpp,1805456887
3844,peelr,peelr,,,7,1760841660,CN,1265,1760841660,0,cpp,671747177,1760841175,0,cpp,671744653
3845,Ritesh,user4308On,,,7,1760841661,US,1222,1760841661,0,cpp,1805469320,1760841466,0,cpp,1805463276
3846,Santhala Guneshwari,Santhalaguneshwari,,,7,1760841661,US,1222,1760841661,0,cpp,1805469338,1760841575,0,cpp,1805466663
3847,Kiran Chaitu,Kiran_Chaitu,IN,India,7,1760841661,US,1222,1760841661,0,cpp,1805469340,1760841196,0,cpp,1805454185
3848,『‖— ˇ —‖』,kiedatamashi,,,7,1760841661,CN,1265,1760841661,0,python3,671747186,1760841309,0,python3,671745446
3849,KeshavGupta80,KeshavGupta80,,,7,1760841662,US,1222,1760841662,0,cpp,1805469363,1760841206,0,cpp,1805454543
3850,Raj Venkat,dummy432,,,7,1760841662,US,1222,1760841662,0,python3,1805469366,1760841332,0,python3,1805458802
3851,Anshu Gupta,anshugupta4142009,IN,India,7,1760841663,US,1222,1760841663,0,cpp,1805469382,1760841239,0,cpp,1805455688
3852,Keshav Jindal,keshav25a,IN,India,7,1760841663,US,1222,1760841663,0,java,1805469385,1760841092,0,java,1805450747
3853,Bhavick Patel,Bhavick_Patel,,,7,1760841663,US,1222,1760841363,0,cpp,1805459822,1760841160,1,cpp,1805452893
3854,Shuohe,fantasy1979,,,7,1760841663,US,1222,1760841663,0,python3,1805469393,1760841343,0,python3,1805459182
3855,SMD_Althaf,SMD_Althaf,,,7,1760841663,US,1222,1760841663,0,java,1805469395,1760841193,0,java,1805454077
3856,Muskan,muskan101agrawal,,,7,1760841663,US,1222,1760841663,0,cpp,1805469399,1760841176,0,cpp,1805453430
3857,Jyothi,Jyothi_Naraboina,IN,India,7,1760841664,US,1222,1760841664,0,python3,1805469416,1760841344,0,python3,1805459227
3858,laxmi narayana karri62,laxminarayanak,,,7,1760841665,US,1222,1760841665,0,python3,1805469455,1760841153,0,python3,1805452640
3859,leetcoder,sathvick,,,7,1760841665,US,1222,1760841665,0,cpp,1805469458,1760841108,0,cpp,1805451145
3860,Sai Kiran,saikiran771,IN,India,7,1760841666,US,1222,1760841366,1,java,1805459896,1760841148,0,java,1805452465
3861,Om Kashyap,ODcode,IN,India,7,1760841666,US,1222,1760841666,0,java,1805469468,1760841444,0,java,1805462550
3862,0813407,0813407,,,7,1760841666,US,1222,1760841666,0,cpp,1805469484,1760841095,0,cpp,1805450817
3863,Hardik Gujrathi,themercury1229,IN,India,7,1760841667,US,1222,1760841667,0,cpp,1805469488,1760841331,0,cpp,1805458779
3864,Dinesh Bhardwaj,dinesh2047,IN,India,7,1760841667,US,1222,1760841667,0,cpp,1805469490,1760841209,0,cpp,1805454642
3865,Vikas Kumar Singh,LeetVikas,IN,India,7,1760841668,US,1222,1760841668,0,cpp,1805469510,1760841340,0,cpp,1805459057
3866,n2c,n2c,,,7,1760841668,US,1222,1760841668,0,java,1805469530,1760841369,0,java,1805460019
3867,Rishitha_indukuriRdDurg,Rishitha_indukuri,,,7,1760841669,US,1222,1760841669,0,java,1805469545,1760841352,0,java,1805459498
3868,Mohitha_annamalai,Mohitha_annamalai,,,7,1760841669,US,1222,1760841669,0,python3,1805469553,1760841352,0,python3,1805459502
3869,Shrutika Pandey,Shrutika_Pandey,IN,India,7,1760841669,US,1222,1760841669,0,java,1805469561,1760841320,0,java,1805458410
3870,vishnu_chandra77,vishnu_chandra77,,,7,1760841669,US,1222,1760841669,0,cpp,1805469567,1760841236,0,cpp,1805455587
3871,Yashwardhan Singh,yash88147,IN,India,7,1760841670,US,1222,1760841670,0,cpp,1805469588,1760841220,0,cpp,1805455037
3872,Suraj Prajapati,Suraj1538,IN,India,7,1760841670,US,1222,1760841670,0,java,1805469601,1760841215,0,java,1805454879
3873,ayush_singh777,ayush_singh777,,,7,1760841671,US,1222,1760841671,0,python3,1805469620,1760841122,0,python3,1805451569
3874,Prithiraj Paul,paul_prithiraj89,IN,India,7,1760841672,US,1222,1760841672,0,cpp,1805469649,1760841294,0,cpp,1805457541
3875,Keshav,keshav_78,IN,India,7,1760841672,US,1222,1760841672,0,cpp,1805469652,1760841359,0,cpp,1805459686
3876,G Jaganmohan Achary,incerty,,,7,1760841672,US,1222,1760841672,0,java,1805469657,1760841260,0,java,1805456389
3877,sahil_sukhdeve,sahilsukhdeve15,IN,India,7,1760841672,US,1222,1760841672,0,java,1805469663,1760841260,0,java,1805456397
3878,rautelaprakashsingh010,rautelaprakashsingh010,,,7,1760841673,US,1222,1760841673,0,cpp,1805469684,1760841228,0,cpp,1805455304
3879,dammit_12,dammit_12,,,7,1760841674,US,1222,1760841674,0,cpp,1805469699,1760841150,0,cpp,1805452533
3880,sreejaaddala25,sreejaaddala25,IN,India,7,1760841674,US,1222,1760841674,0,python3,1805469709,1760841287,0,python3,1805457289
3881,Lloyd,nithin493,IN,India,7,1760841674,US,1222,1760841374,0,python3,1805460196,1760841156,1,python3,1805452759
3882,leetcodespam,leetcodespam,,,7,1760841675,US,1222,1760841675,0,cpp,1805469730,1760841156,0,cpp,1805452741
3883,Pankaj_Kansal123,Pankaj_Kansal123,,,7,1760841675,US,1222,1760841675,0,java,1805469733,1760841277,0,java,1805456931
3884,Gitansh Shekhar,_gitansh_,IN,India,7,1760841675,US,1222,1760841675,0,java,1805469734,1760841195,0,java,1805454125
3885,Shivam Bhatia,bhatia4404,,,7,1760841675,US,1222,1760841675,0,cpp,1805469740,1760841186,0,cpp,1805453795
3886,Mohammad Arman,arman_lc,IN,India,7,1760841675,US,1222,1760841675,0,cpp,1805469744,1760841388,0,cpp,1805460678
3887,Aditya Raj,adityarajk,,,7,1760841675,US,1222,1760841675,0,cpp,1805469749,1760841423,0,cpp,1805461831
3888,Madhusudan,madhusudan329832,,,7,1760841675,US,1222,1760841675,0,cpp,1805469752,1760841154,0,cpp,1805452678
3889,Nitin Valmik Gayke,Nitin_Gayke,IN,India,7,1760841676,US,1222,1760841676,0,java,1805469764,1760841139,0,java,1805452108
3890,Ayush,ayush_3010,IN,India,7,1760841676,US,1222,1760841676,0,cpp,1805469785,1760841256,0,cpp,1805456283
3891,Arnab Kundu,Arnab_45,IN,India,7,1760841677,US,1222,1760841677,0,java,1805469793,1760841270,0,java,1805456691
3892,Dedeepya Adapala,Dedeepya_Adapala,IN,India,7,1760841677,US,1222,1760841377,0,java,1805460255,1760841137,1,java,1805452056
3893,Sahil Chhoker,Sahil-Chhoker,IN,India,7,1760841677,US,1222,1760841377,1,python3,1805460260,1760841142,0,python3,1805452193
3894,Nandit Kalaria,23IT065,IN,India,7,1760841677,US,1222,1760841677,0,java,1805469804,1760841332,0,java,1805458809
3895,Saketh Karumudi,sakethkarumudi,,,7,1760841677,US,1222,1760841677,0,cpp,1805469812,1760841446,0,cpp,1805462660
3896,chetan_1411,chetan_1411,,,7,1760841677,US,1222,1760841677,0,python3,1805469818,1760841323,0,python3,1805458512
3897,Madhav Agarwal,madhav353,,,7,1760841678,US,1222,1760841678,0,java,1805469822,1760841149,0,java,1805452520
3898,GEYA_3wXEJcI,GEYA_3,IN,India,7,1760841678,US,1222,1760841678,0,python3,1805469835,1760841091,0,python3,1805450721
3899,RayTracing,0xSatoshi,US,United States,7,1760841678,US,1222,1760841678,0,cpp,1805469847,1760841460,0,cpp,1805463107
